Step,Scenario,Decision,Network_Param_Anomalies_Score,Network_Param_Anomalies_Weight,Network_Param_ProtocolScore_Score,Network_Param_ProtocolScore_Weight,Network_Param_NodeReputation_Score,Network_Param_NodeReputation_Weight,Network_Score,Data_Param_Integrity_Score,Data_Param_Integrity_Weight,Data_Param_Freshness_Score,Data_Param_Freshness_Weight,Data_Param_Authenticity_Score,Data_Param_Authenticity_Weight,Data_Score,Device_Param_Identity_Score,Device_Param_Identity_Weight,Device_Param_Reputation_Score,Device_Param_Reputation_Weight,Device_Param_Compliance_Score,Device_Param_Compliance_Weight,Device_Score,App_Param_VulnerabilityScore_Score,App_Param_VulnerabilityScore_Weight,App_Param_Consistency_Score,App_Param_Consistency_Weight,App_Param_AccessCompliance_Score,App_Param_AccessCompliance_Weight,App_Score,Decay_Factor,Network_Weight,Data_Weight,Device_Weight,App_Weight,Belief_Safe,Belief_Unsafe,Uncertainty,Trust_Score
0,corporate_office,Limited Access,0.9950837620663895,0.3333333333333333,0.9643200358633923,0.3333333333333333,0.941820332060367,0.3333333333333333,0.9670747099967162,0.9424072084277338,0.3333333333333333,0.900531641624544,0.3333333333333333,0.9389992739406288,0.3333333333333333,0.9273127079976355,0.9323614072810348,0.3333333333333333,0.922788195819241,0.3333333333333333,0.9372470916250056,0.3333333333333333,0.9307988982417603,0.9315254131406557,0.3333333333333333,0.9054948135623921,0.3333333333333333,0.8391209753624045,0.3333333333333333,0.8920470673551508,0.9048374180359595,0.22620935450898988,0.22620935450898988,0.22620935450898988,0.22620935450898988,0.5981163010751324,0.03153045113989757,0.37035324778497014,0.7087527477935336
1,corporate_office,Limited Access,0.9811028028109265,0.3325268350154,0.9734286165081245,0.3334601390703885,0.9377438755697808,0.33401302591421167,0.964061321090933,0.8948056498047363,0.33586008359206954,0.9559010976474623,0.32962209493408445,0.8896484733058316,0.33451782147384596,0.913218891866222,0.950299805583932,0.3322344948761971,0.9375222474219308,0.3330993736812573,0.9426149370014238,0.33466613144254553,0.9434717437238411,0.9012523046559892,0.3307906913341089,0.9120873201197122,0.3380023621108415,0.8685325035343912,0.33120694655504956,0.894077540054862,0.8187307530779818,0.2051115969674559,0.20414440101816356,0.20433773873507652,0.20513701635728582,0.815635998434658,0.026366771100802353,0.15799723046453962,0.7324648709771531
2,corporate_office,Limited Access,0.9912744353018699,0.3328125555114343,0.9671904403565847,0.3334894790047012,0.9348382731677389,0.3336979654838645,0.9644100438913379,0.897405585868745,0.33351919713321804,0.9424219177628648,0.33104613704154684,0.9070409196524741,0.3354346658252352,0.9155400936139333,0.9309151585312235,0.3323085489473019,0.9397031320601811,0.33301231545343546,0.9372870236642881,0.3346791355992627,0.9359741922591343,0.889774903339998,0.3306146829344338,0.9228939644998647,0.3391239913577357,0.8820492510231877,0.3302613257078306,0.8984548873744456,0.7408182206817179,0.18551362452248535,0.18484355346302409,0.18504637373520538,0.18541466896100312,0.9078236850190513,0.01810410442282406,0.0740722105581243,0.6999693486423495
3,corporate_office,Limited Access,0.9948631401688913,0.33300592035895193,0.9734394774607257,0.3335532256569992,0.9464594015196852,0.33344085398404877,0.9715774244159829,0.9040572554902869,0.33375339363637097,0.9264931038924998,0.33195962342954793,0.8975073854573216,0.3342869829340811,0.9093155149852776,0.9429972134333717,0.3330435961233811,0.9499952327683715,0.3320174656582966,0.9361822154677665,0.3349389382183224,0.9430380698950462,0.8857861519486978,0.33141472909393216,0.9445965982915795,0.3346954529619701,0.8677150258764852,0.33388981794409767,0.8994359759320283,0.6703200460356393,0.16780966496690036,0.16720819718121174,0.1674968939868786,0.16780528990064858,0.9506809997448823,0.011816135893579164,0.03750286436153816,0.6498299923968445
4,corporate_office,Limited Access,0.9791269294192206,0.3338883928222557,0.94282189048558,0.33123357230284467,0.943541101031522,0.3348780348748996,0.955184569400769,0.9327379567824018,0.33242691871394886,0.9458384667967021,0.3326409708992952,0.8969111336342084,0.33493211038675585,0.925096169667357,0.9465373863658383,0.3337363795101824,0.9190470430219675,0.3314094903537613,0.9497141449130211,0.33485413013605625,0.9384905764085653,0.9070735150371484,0.3358770781781913,0.9535443644769087,0.33322183606240197,0.901392450441117,0.33090108575940663,0.9206787463677486,0.6065306597126334,0.1519678142427278,0.15167236720431698,0.15206727229276318,0.1508232059728255,0.9720422153752268,0.007659408189190063,0.020298376435582743,0.5957291999853507
5,corporate_office,Limited Access,0.984752893423503,0.33379067264916984,0.9617060353522485,0.3316024617587944,0.937097194669696,0.33460686559203573,0.9611645745636598,0.9438442482854339,0.3310978981627155,0.9079985133270487,0.3320942975842302,0.8979201637175811,0.3368078042530543,0.9164724940274085,0.9560559851786461,0.3336780517676706,0.9472983596803227,0.3319974727712965,0.9233085259747255,0.33432447546103283,0.9422001985246928,0.891532322975313,0.33726231820072283,0.9515544937938796,0.33308137023200085,0.8416286389553272,0.32965631156727626,0.895073525468213,0.5488116360940264,0.13746493882474087,0.13725771324109157,0.13753245915006587,0.13655652487812805,0.9831019198462704,0.00516935859946326,0.011728721554265964,0.542756202510754
6,corporate_office,Limited Access,0.9699387126917153,0.3332801801728706,0.963825592907888,0.3326804006542266,0.9575689480051159,0.3340394191729028,0.9637730085415672,0.9232012172908414,0.3357796813951174,0.9813129001695565,0.3264883835941388,0.9323251737999013,0.33773193501074383,0.945255458188607,0.9485683724020217,0.3335566406919451,0.9354790194744591,0.3322292141767954,0.9358589123812687,0.3342141451312594,0.9399720256488989,0.8699752479410742,0.3342776028802754,0.9404952198239572,0.3342597345601224,0.8608253968398986,0.3314626625596022,0.8905144010158145,0.4965853037914095,0.1246673361575298,0.12337351577198824,0.12471841420527859,0.12382603765661293,0.9893263327765247,0.0035321347095979756,0.007141532513876836,0.4930581075571415
7,corporate_office,No Access,0.9731216653902485,0.33346263419086714,0.9539410432442099,0.33310892221733757,0.961098579787714,0.3334284435917953,0.9627235903000996,0.8822398441362489,0.33297495603468324,0.9632827850808937,0.3273977518933277,0.9120233661917632,0.3396272920719891,0.9188884177524299,0.9602174743916482,0.3329786849406747,0.9443001632542825,0.332520836905893,0.9391716004130676,0.33450047815343226,0.9478847818619678,0.8747989866662518,0.33318391371042033,0.9353881020155883,0.33484765477296397,0.85473786940722,0.3319684315166157,0.8884274522147941,0.44932896411722156,0.11280161500621647,0.11176747076593806,0.11274948211170294,0.11201039623336412,0.992904793697572,0.0025133337463132802,0.004581872556114197,0.44717026644383157
8,corporate_office,No Access,0.972835690072692,0.33395839293302276,0.9412454524405471,0.3325428985738863,0.9607860111032106,0.3334987084930909,0.9583120285097821,0.9427030463141706,0.33196996921452804,0.9462145548309169,0.3292530544098734,0.8872860675114822,0.3387769763755986,0.9250852247002503,0.9328167359293499,0.3328440688320681,0.9448744541318994,0.3328011577692656,0.9488471586838407,0.33435477339866637,0.9421894068747766,0.9056074428218036,0.3332321360191327,0.9479138208863813,0.334458690083691,0.8737174353412589,0.33230917389717624,0.9091598365700331,0.40656965974059917,0.10203708808432639,0.10122047792168261,0.10202099009791123,0.10129110363667895,0.9951048128917114,0.0018270189306622711,0.0030681681776260072,0.4052031372296178
9,corporate_office,No Access,0.9781585375319226,0.33388084879458657,0.9591915268706647,0.33265738882190315,0.9512661383392289,0.33346176238351033,0.9628814344620749,0.8957359682273305,0.33280273677386457,0.899456436697159,0.3269203353047407,0.899497055534255,0.3402769279213947,0.898232076261422,0.9378682198024237,0.33322339032897486,0.9184477059492154,0.3321967278590386,0.9456979237181549,0.33457988181198645,0.9340364500577949,0.8911637914939542,0.3334371810521893,0.9449379075721369,0.3342970388188378,0.8539864723670975,0.3322657801289729,0.8967875683212023,0.36787944117144233,0.09241412358020863,0.09129565774023518,0.09236696289912809,0.09180269695187042,0.996466816455829,0.001386308747714017,0.002146874796456588,0.3669745511338493
10,corporate_office,No Access,0.9933428702303596,0.3343702493982148,0.9389415002856469,0.3318028192568335,0.9532966229493773,0.3338269313449516,0.9619238264695785,0.9000202807487457,0.33216787603550285,0.9186422318596453,0.3274785453974126,0.881603134941181,0.34035357856708454,0.8998502287284085,0.9329421283139367,0.3330971177588328,0.9394386452431234,0.3326476035347409,0.9322085225492972,0.3342552787064264,0.9348579675024333,0.8554343514314586,0.33240349765929644,0.9455816896593795,0.3352987018171343,0.864213614998529,0.3322978005235692,0.8885779668851048,0.3328710836980796,0.08367989889404223,0.08245280725730487,0.08367174502958676,0.08306663251714574,0.9973630674195945,0.0010795202100159923,0.0015574123703890885,0.3322525338641494
11,corporate_office,No Access,0.9865310506074075,0.3340356779136078,0.9436338637346393,0.3320084628477757,0.9516561693862864,0.3339558592386166,0.9606421506092417,0.9475462143445402,0.33061762761099933,0.9514886182182947,0.328626368678741,0.8853441950710462,0.3407560037102596,0.9276460807030928,0.9395605465216267,0.33370919765343005,0.9401638823148097,0.3331301066959239,0.9152107107345235,0.3331606956506461,0.9316491276089731,0.9055521270948823,0.3315279910560274,0.9276073590886051,0.3370088239955638,0.8547869495145589,0.33146318494840865,0.8961581474467905,0.301194211912202,0.07573927751363817,0.07456520056969637,0.07569549672196274,0.07519423710690473,0.9979839309890878,0.0008524483859457601,0.0011636206249658887,0.3007622214938504
12,corporate_office,No Access,1.0,0.33311152139876277,0.9513059039076427,0.3323921229986527,0.9457574144374301,0.3344963556025845,0.96567051883322,0.9439091614589209,0.3307905469238548,0.9272004214269469,0.32894091029010303,0.9195824823668125,0.34026854278604207,0.9301353696575072,0.9497422530826535,0.3340408543365053,0.9436851620635688,0.332935572024221,0.9325364711233668,0.3330235736392736,0.9419957010240719,0.8881270548926522,0.3307933230998687,0.9410801728555305,0.33750934919472686,0.8638546111419869,0.33169732770540444,0.8979481225451594,0.2725317930340126,0.0685468319547171,0.06741208492128417,0.0685147388480589,0.0680581373099524,0.9984217319228241,0.000684695898527042,0.000893572178648605,0.27222342821907775
13,corporate_office,No Access,0.9936952050063292,0.3326432136468118,0.9498600041655573,0.333366170217137,0.948679726917447,0.33399061613605113,0.9640472847187773,0.9196372039138454,0.33350568533202385,0.897253130768231,0.32637570314671593,0.87606984660034,0.34011861152126016,0.8975135172245379,0.9305316130299249,0.3336686710991984,0.9250312160496761,0.333249179765463,0.9435221241663907,0.33308214913533857,0.9330255176155731,0.9212445803614819,0.32888009998974,0.9496979432120245,0.3387359870706317,0.878708380041746,0.33238391293962827,0.9167444096082816,0.2465969639416065,0.06217057225736657,0.06086808528456305,0.0620736121594924,0.06148469424018446,0.998730556020597,0.0005641499400275827,0.0007052940393752483,0.24637088459478979
14,corporate_office,No Access,1.0,0.3321566983341151,0.9631616781794655,0.33343905728403145,0.9559281128035648,0.3344042443818535,0.9729788385638292,0.9651857178775233,0.3310032244685762,0.9592469031204841,0.3272984674012397,0.916729444230151,0.34169830813018404,0.9466845261857642,0.9372821545478175,0.3335378156409071,0.9166122775165255,0.332900508503148,0.9405729682582284,0.33356167585594493,0.9314988313095773,0.8833362503123071,0.3279970321228038,0.9286842041687885,0.33676256138363525,0.8504522175882734,0.335240406493561,0.88758368690897,0.22313016014842982,0.05627971947364474,0.05475209842655183,0.056197351327713196,0.05590099092052006,0.9989601453492929,0.00047094683036642376,0.0005689078203404696,0.2229616074602176
15,corporate_office,No Access,0.9818959823722222,0.33239769129152963,0.9508916793379042,0.33401245747616765,0.9284933426707299,0.3335898512323027,0.9537255802899607,0.9444497559956153,0.33277470521383473,0.893111306547714,0.3260590020370683,0.8724093681116699,0.34116629274909704,0.9031326403399296,0.9366536662866555,0.3338540267447704,0.9230330504209509,0.3327407612489988,0.9251266484799642,0.3334052120062309,0.9282783643791812,0.9115766428927302,0.32760639178211554,0.9710352109240625,0.3354402537436134,0.8471049811141804,0.336953354474271,0.9097974973355791,0.20189651799465538,0.05095076947942769,0.04947937834076378,0.0508902930972894,0.05057607707717449,0.9991275803136417,0.0004027592543456888,0.00046966043201257524,0.20176779090068125
16,corporate_office,No Access,0.9915595694783492,0.33288710969409874,0.9446781751697696,0.33420763019602096,0.9370652550509535,0.3329052601098802,0.9577500058672317,0.9049893720076619,0.33206495396020874,0.8791976850585219,0.32764835925310415,0.8505234829885908,0.34028668678668705,0.8780047511792154,0.9589575332413435,0.33375416774770966,0.9546485318054895,0.3321221158592703,0.9318095005828726,0.33412371639302,0.9484556170026197,0.8804348833994157,0.3289311182476922,0.9544474903766216,0.3353846256976336,0.8828692098783112,0.33568425605467417,0.9060747389604342,0.18268352405273466,0.0461697622404473,0.044598081635738925,0.04606737551831578,0.04584830465823265,0.9992551759793479,0.0003497091360683089,0.0003951148845836583,0.1825835474656035
17,corporate_office,No Access,0.9933309424838975,0.33319266673029496,0.9436441280757678,0.3338324849896153,0.942788782202661,0.33297484828008966,0.9599146016074211,0.9449989902739321,0.33462619790264175,0.9462661371232681,0.32799510285043376,0.8645373577167171,0.33737869924692443,0.9182685673036695,0.9239192588767687,0.33409451523171,0.9245984971323477,0.3319820478472984,0.9307040495708786,0.33392343692099163,0.9264103544111988,0.8492783767958028,0.32649930331348986,0.9168050039158742,0.33540777660598686,0.8632618031114653,0.33809292008052333,0.8766550300956407,0.16529888822158656,0.04181102749732226,0.04039203537607266,0.04173460559965274,0.04136121974853891,0.9993537141648964,0.00030810494714029194,0.00033818088796344625,0.16522000835396963
18,corporate_office,No Access,0.9742203921168073,0.3332590501602871,0.9430053122194679,0.3338324434531017,0.9315456963175641,0.3329085063866111,0.9495930164830655,0.9413230333576238,0.3344140677592165,0.9060742406278175,0.3292544521220969,0.9011945044400824,0.3363314801186865,0.9162207238935839,0.9552231064505781,0.333254373827825,0.9394433340218021,0.3321971306209294,0.9324384150243128,0.3345484955512456,0.9423585270896311,0.9041203919824479,0.32722749726386374,0.9698103776138738,0.33385989774808017,0.8700115329266694,0.338912604988056,0.914491721592664,0.14956861922263506,0.037795355351889076,0.036613679152721706,0.0377739177992986,0.03738566691872567,0.9994332416975021,0.0002733575967780672,0.0002934007057197041,0.14950579173511422
19,corporate_office,No Access,0.9910053890021258,0.33356036433061487,0.9342270787193026,0.3335347818665899,0.9419110085311357,0.3329048538027953,0.955724090113957,0.9555108596808173,0.3364451143275567,0.935876897251621,0.32862205106511333,0.9028501170568786,0.33493283460733,0.9314208948772366,0.9528391111632445,0.3328618410048986,0.9443714524645991,0.3326395583925332,0.916468827268302,0.3344986006025683,0.9378566238467321,0.9077037276408332,0.3270179679586562,0.9686827031010982,0.33301506321746815,0.8598417927417318,0.3399669688238756,0.9117391680789766,0.1353352832366127,0.03421414377398528,0.03311644676334835,0.03419954554018026,0.033805147159098825,0.9994971039850994,0.0002449384990785445,0.0002579575158221381,0.13528467903873095
20,corporate_office,No Access,0.9817790311273307,0.3334629754490969,0.947399463719998,0.3338243265996521,0.9282367320825671,0.3327126979512509,0.9524880924190944,0.9021665415206434,0.3371295322804823,0.9076166875251156,0.32827838734477843,0.9025329169365228,0.3345920803747393,0.9040782929743822,0.9450785477783217,0.3333075222854895,0.9416107742458306,0.33274065918995266,0.9455882281405128,0.33395181852455785,0.9440948872110191,0.8750396542903643,0.3295384668852606,0.9505742061769632,0.3322605950063753,0.8450772393305913,0.33820093810836405,0.8900034925963582,0.12245642825298195,0.030941558118513405,0.02999515957279211,0.030923800207800962,0.030595910353875475,0.9995473066879949,0.00022273439047600178,0.0002299589215293274,0.12241507302098747
21,corporate_office,No Access,0.9844456264873467,0.334025255226639,0.9514380469717898,0.33444183110415343,0.9672655872993937,0.33153291366920756,0.9677107627049146,0.9121395116738322,0.33574795611475766,0.9004079633517235,0.3307110601404624,0.907792249374801,0.33354098374478,0.9068097687473231,0.9415900009262917,0.33305214658815513,0.9399787256268859,0.3324580827383222,0.9264131710750619,0.33448977067352265,0.9359778250929986,0.9060164434751412,0.3306786529175438,0.97434133379421,0.33320944761869875,0.8964701096547019,0.3361118994637574,0.9255743060436633,0.11080315836233391,0.028008639729810523,0.027201789602572635,0.028017726733240128,0.027575002296710633,0.9995893898617572,0.00020358389928236417,0.0002070262389606281,0.11076913104273137
22,corporate_office,No Access,0.9804412923229102,0.3342011262221251,0.9439988260588564,0.3343598371266805,0.9462288290218599,0.3314390366511944,0.9569170493604022,0.9287920994083295,0.3359150176120577,0.9434093465577842,0.32858582776809253,0.8730647091805609,0.33549915461984975,0.914898627352037,0.9526243310052718,0.3335080364142266,0.9520113492069119,0.3323995581205139,0.9508649079611202,0.3340924054652595,0.9518327662493095,0.9107771470603024,0.3301491100580833,0.9433027177430332,0.33364040083186547,0.8741744763982812,0.33621048911005136,0.9093227896941618,0.1002588437228037,0.02534161157965331,0.024677042218465055,0.025295316828010162,0.024944873096675178,0.9996239815365076,0.00018772479371637152,0.00018829366977646256,0.10023058359924159
23,corporate_office,No Access,0.9869040626893126,0.334362985293578,0.9404560487625054,0.33426784328299514,0.9504691165186768,0.3313691714234268,0.9593045673257996,0.9153503836295338,0.33583474071827807,0.9120053712504234,0.33007511565841907,0.8607802000510455,0.3340901436233029,0.896014917812333,0.9443769235684154,0.33390324805811483,0.9529786246359774,0.3319132954809673,0.9332077651522526,0.3341834564609179,0.9434993945512193,0.8720422512532993,0.3316266877029498,0.9410798426384753,0.33343781150767116,0.8395643251262035,0.33493550078937906,0.8841839841845539,0.09071795328941247,0.02294660273536204,0.02232923375211177,0.022899712319420354,0.022542404482518305,0.9996519402446334,0.00017503743402453735,0.00017302232134219775,0.09069422613621597
24,corporate_office,No Access,0.980270698658079,0.33440803617601345,0.9538087075957543,0.3345020181801668,0.9522659069690557,0.33108994564381977,0.9621470042845806,0.9161200872125199,0.33543223989195065,0.9220928020308639,0.33169761111880697,0.8970667563264187,0.33287014898924233,0.9117589373588606,0.9413775191872442,0.33338349665625994,0.944362637393175,0.33303057261279134,0.9387457785991301,0.3335859307309488,0.9414937431791539,0.9203184615558768,0.33119078960531095,0.9154234773844038,0.33286622308969027,0.8418258661610579,0.3359429873049987,0.8923200496843766,0.0820849986238988,0.020718108080861723,0.02038726073359776,0.020645859271182065,0.020333770538257256,0.9996757443384321,0.00016404680000368677,0.0001602088615643149,0.08206495747045572
25,corporate_office,No Access,0.9869191542640519,0.33459430006147634,0.9548855757674607,0.3344785998668221,0.9631692708941231,0.3309271000717016,0.9683451277491366,0.892622998504944,0.3342613645503897,0.94363951039761,0.3319513129156079,0.8770556020970551,0.33378732253400234,0.9043617970422744,0.9453309136158581,0.33324036182522637,0.9304489164615485,0.3333684919431278,0.9364463996593688,0.3333911462316458,0.937407706375759,0.8877548226887891,0.33243551395408605,0.9848236502112286,0.33069868917530176,0.8594232560000322,0.3368657968706122,0.9103114209210423,0.07427357821433388,0.01872851496201951,0.01844631472145802,0.018704257235837317,0.01839449129501903,0.999696001570635,0.0001545879701357879,0.00014941045922900464,0.07425654778792819
26,corporate_office,No Access,0.9891161029270473,0.33498592095119795,0.9648503297434685,0.3337090574460621,0.9384747700604913,0.33130502160273995,0.9642406667504095,0.8929174071665329,0.33033694044614537,0.9193992693001951,0.33549486186601046,0.8660887632623805,0.33416819768784417,0.8928366562651611,0.9332521263559664,0.3336204918243317,0.9529751243467302,0.3336615303786423,0.9515747308873332,0.33271797779702594,0.9459291919768704,0.9133249799816593,0.3318975586744421,0.9741248700408275,0.3295665732578406,0.8632026501304391,0.3385358680677173,0.9163943849571535,0.06720551273974976,0.016920483161381124,0.016784043789467743,0.01690766981409795,0.01659331597480294,0.9997132116043784,0.00014650884492262742,0.00014027955069850773,0.06719095275814
27,corporate_office,No Access,0.9833996202584723,0.33541412633730694,0.9397816529151621,0.3337195410512263,0.9318404348254317,0.33086633261146675,0.9517842536184108,0.9380506445411468,0.33034501634882474,0.9436620634085621,0.33489783883621266,0.8858945436198665,0.33475714481496255,0.9224702691635601,0.9532440908702463,0.3340413023494307,0.9422020665242778,0.3339678261068933,0.9386594237283036,0.331990871543676,0.9447144336479758,0.87446470730346,0.33439690811464823,0.9440322661436557,0.3308565702121096,0.8772285998963828,0.33474652167324215,0.8984067946511156,0.06081006262521797,0.015271956175187316,0.015143913843906395,0.01530244444080291,0.015091748165321358,0.9997279135293696,0.00013957631653624785,0.00013251015409376787,0.06079754600528392
28,corporate_office,No Access,0.9975755542916015,0.3351482115537252,0.9559198298286565,0.3334693217706203,0.9436186454158365,0.3313824666756545,0.9658042745496349,0.9145766982872877,0.3310900514775485,0.9400434939488553,0.33441931058280716,0.8884108885306611,0.33449063793964434,0.914341068137481,0.9553730621973444,0.33434503103242347,0.9255222392617835,0.33327716702579746,0.938154249212671,0.332377801941779,0.9397013132840996,0.8646456497818396,0.3324445682127598,0.9673363368518254,0.331839735494125,0.8588039373296663,0.33571569629311515,0.896761345653428,0.05502322005640723,0.013823205546985913,0.013701423787277602,0.013841141967176316,0.013657448754967397,0.9997405518999882,0.0001335902434053085,0.00012585785660612636,0.055012406938777
29,corporate_office,No Access,0.9874476259571994,0.33507843479925026,0.9567856073862796,0.33396643981798974,0.957819766389694,0.33095512538276006,0.9674020487994498,0.9355425488273992,0.33359193045417124,0.919657442508632,0.3332705705545336,0.9030162135174402,0.3331374989912952,0.9194127683847123,0.9408301918472505,0.33404816500684503,0.956859386920582,0.33230247421061515,0.9397311813192716,0.33364936078253987,0.9457900488695696,0.8877167735143443,0.3337738224844166,0.9350536595102439,0.3318549476753598,0.8877803371110494,0.33437122984022355,0.9034470071776315,0.05,0.01254538411404921,0.012484141239766045,0.012564859440617422,0.01240561520556733,0.9997516407323441,0.00012828159367549765,0.00012007767397992364,0.04999058397846671
0,remote_vpn,Limited Access,0.83914395083069,0.3333333333333333,0.8377981311547505,0.3333333333333333,0.9180088315487882,0.3333333333333333,0.8649836378447429,0.9207514923302769,0.3333333333333333,0.8516415189184385,0.3333333333333333,0.904667317786527,0.3333333333333333,0.8923534430117475,0.9890995803937516,0.3333333333333333,0.909758738811068,0.3333333333333333,0.9696745111128533,0.3333333333333333,0.9561776101058909,0.9513523755698448,0.3333333333333333,0.9541105046628746,0.3333333333333333,0.8857176869958023,0.3333333333333333,0.9303935224095072,0.9048374180359595,0.22620935450898988,0.22620935450898988,0.22620935450898988,0.22620935450898988,0.5864164540988452,0.04031816514322978,0.37326538075792526,0.6994837919042071
1,remote_vpn,Limited Access,0.8422908126327934,0.3482473826052347,0.788851106338894,0.3286490693359294,0.8621208809449635,0.32310354805883595,0.8311350683236292,0.9770511531823207,0.32139092685591764,0.8753977592142363,0.3420326307634253,0.8697110383823307,0.3365764423806571,0.9061542214532741,1.0,0.3335306125609624,0.9005401035472828,0.333812147224734,0.9846461104662396,0.33265724021430365,0.9616914958835128,0.9143156437179343,0.3290325229840479,0.973715427661411,0.33707711616399194,0.9134628497517675,0.33389036085196017,0.9340532119052698,0.8187307530779818,0.20067278675376396,0.20544246385133585,0.2062639100597391,0.20635159241314294,0.8031531766542074,0.03486988447296156,0.16197693887283138,0.7238739557313824
2,remote_vpn,Limited Access,0.8909437677367358,0.35095930554042726,0.9046255128192475,0.3025633296629716,0.9183907599951342,0.3464773647966012,0.9045931236337832,0.9524331040905091,0.32880398248648085,0.8990430217201344,0.3337660081670217,0.8710092401752545,0.3374300093464975,0.9071384542600883,0.9936232223430278,0.33468586130963784,0.9041649769192275,0.33487350890412193,0.999546477721726,0.33044062978624017,0.9656233100352754,0.9037103715139061,0.33549311594256576,0.9116619718620529,0.3275180454693776,0.8665513935491351,0.3369888385880566,0.8937925032908175,0.7408182206817179,0.17517946299589293,0.1901004166292348,0.19068028913960014,0.18485805191699,0.8995995160843783,0.023638823215021473,0.07676166070060064,0.6948729312801599
3,remote_vpn,Limited Access,0.736147248296658,0.32269397685048085,0.8368783270189547,0.36361535849140614,0.7722754936469822,0.3136906646581129,0.7841077088943664,0.9228904006625008,0.3283143322428162,0.8513807529139248,0.3329979506988639,0.8915351237240059,0.33868771705831996,0.8884581873429971,0.9837935267476522,0.33398880058838176,0.898176317561642,0.33453540740975213,0.9846657836811845,0.33147579200186617,0.955440670849196,0.9306172130216522,0.3392271421401003,0.9037289506972253,0.3228800298199825,0.9099894759986056,0.3378928280399171,0.9149655656817528,0.6703200460356393,0.1473595534360454,0.17507067995148196,0.17595425225605363,0.1719355603920583,0.9429762723972374,0.01705868583971169,0.03996504176305149,0.6454905826410442
4,remote_vpn,Limited Access,0.8079266315203946,0.32958445533702885,0.7809044365214702,0.34744066414564523,0.8771513634334712,0.3229748805173259,0.8208958716617649,0.8789088005963831,0.3162133966391919,0.8677278743483404,0.34016843222929716,0.8691210904207656,0.34361817113151094,0.8717421673736041,0.9963677474385481,0.33380432310437336,0.9066326544646081,0.33429687686999526,0.9860558233567642,0.3318988000256313,0.9629470708830217,0.9280989380805373,0.338389600807534,0.9457684464167083,0.3247030765652204,0.8845541190821179,0.33690732262724565,0.9191657134156415,0.6065306597126334,0.13607944314701537,0.1561831457941654,0.15857797903496515,0.15569009173648748,0.9659695621783585,0.011860093040155563,0.022170344781486384,0.5926136527335492
5,remote_vpn,Limited Access,0.8079358893960262,0.34487242665190726,0.9323455381435432,0.3214872135222508,0.9101597504824372,0.33364035982584195,0.8820380065028044,0.9273885007975717,0.3232664236569936,0.8375018025714529,0.33924974100931105,0.8364048410538311,0.33748383533369525,0.8661889472611651,0.9871783053609089,0.33403421694014895,0.8898710219048864,0.3336751871033591,0.9770101852186119,0.3322905959564921,0.9513305086453601,0.9104238766669852,0.33816386873906673,0.9080040234339601,0.32389180915148263,0.8892303218417563,0.3379443221094507,0.9024778645069582,0.5488116360940264,0.12377096061555913,0.14048542979251,0.14353660478184802,0.1410186409041093,0.9787331534402158,0.008246906539281899,0.013019940020502552,0.5407128905312397
6,remote_vpn,Limited Access,0.6995656410590865,0.3188734932817282,0.9234290668617682,0.32650132925319564,0.8531616583286692,0.3546251774650762,0.8271263620369909,0.9406212124026105,0.32455714214538517,0.8736586500007836,0.3384378935034091,0.8650124901300827,0.33700496435120575,0.8924780290856522,1.0,0.33374926680816297,0.9014294369244499,0.33372366138472787,0.9821705964916289,0.33252707180710916,0.9611759114449672,0.8887647832832217,0.33506299207132556,0.9242140629914813,0.32710619046185435,0.9125211119251175,0.33783081746682,0.9083860820483092,0.4965853037914095,0.113179867337878,0.1268921939526713,0.12926929713944985,0.12724394536141037,0.9860455028221081,0.0058793593626157575,0.008075137815276467,0.491660702953648
7,remote_vpn,No Access,0.7951972955198975,0.32664395782043765,0.7823135535505186,0.3185403845903284,0.9117649255044931,0.35481565758923395,0.8324533236846117,0.9380877557615318,0.3258965086662453,0.8716398681221444,0.33814838212828946,0.8899584013289981,0.3359551092054652,0.8994492075360601,0.9947065723470856,0.3339477015092234,0.8893330474927762,0.3333985405893831,0.9914614691974463,0.33265375790139357,0.9584956971863947,0.8990405075799135,0.33498221542106593,0.9038696944774248,0.32663776572159314,0.8848364530388085,0.33838001885734087,0.8958115341548987,0.44932896411722156,0.10355003181122553,0.11460135830125631,0.1166107411670648,0.11456683283767496,0.9904399320736452,0.004302709109566454,0.005257358816788682,0.44621449049455236
8,remote_vpn,No Access,0.7722524928513224,0.3317630770266184,0.8233164003428827,0.3249545246191973,0.9550792934381332,0.34328239835418434,0.8516071632243036,0.8856770007840873,0.32304469695485616,0.8763792675535771,0.3402620106180822,0.899294254216479,0.33669329242706164,0.8870981732728489,0.9880281621500445,0.3338976531831426,0.8992164985300203,0.3334917193300236,0.9926186701572103,0.3326106274868338,0.9599370595015897,0.9166590588014537,0.3397750327840078,0.8598841235094521,0.3183224398042346,0.8764293671730792,0.34190252741175764,0.8848316896348394,0.40656965974059917,0.09464344726362395,0.10369101622420489,0.10531851905375307,0.10291667719901723,0.9931916441690652,0.003233290456243861,0.003575065374691322,0.4045283453834924
9,remote_vpn,No Access,0.8513007544603665,0.33128616577868397,0.808085160177814,0.32810001121797183,0.9425964408253753,0.3406138230033441,0.8682182902479694,0.9475656522530098,0.3238263984258581,0.8505349532142946,0.3397711517769779,0.8592485811228435,0.33640244979716394,0.884887340795802,1.0,0.3341693254189556,0.9194150371307074,0.33283439208306814,0.9775505461680817,0.33299628249797614,0.9657029682022236,0.9426905643601612,0.3408507414040389,0.9243927055330607,0.3232842110685814,0.9468559836540894,0.3358650475273798,0.9381741742541245,0.36787944117144233,0.08608946379651193,0.09392168759975526,0.09523558389348871,0.09263270588168641,0.9950548863384584,0.0024354762626081616,0.0025096373989337284,0.3665218575230365
10,remote_vpn,No Access,0.7901012828910159,0.33513660813151575,0.8463870693728878,0.32869338792495933,0.8350842926910182,0.3361700039435249,0.8237239873236217,0.9404739084666373,0.323257490987587,0.8849672880260129,0.33898277111795694,0.8923184674848813,0.33775973789445607,0.9053931513300919,0.9720016475173134,0.3331927733828747,0.9158268057126279,0.33277851487995314,0.979033517438242,0.3340287117371722,0.9556567135387251,0.9361592289512108,0.3414157766288789,0.9221469790225681,0.3249306231960659,0.8831334507107674,0.3336536001750552,0.91391397803751,0.3328710836980796,0.07786061314580116,0.08477537335012747,0.0861481791130275,0.0840869180891235,0.9962570667750555,0.001909729675143202,0.0018332035498016541,0.3319302796854136
11,remote_vpn,No Access,0.8352587323320355,0.3392855749781659,0.8461548961118254,0.33969106725962744,0.7943073844853594,0.32102335776220664,0.8258137226447999,0.9277122710057454,0.33023215379102133,0.8310727149725401,0.3349236802315251,0.843939949625552,0.33484416597745353,0.8672947221586175,0.988952826393895,0.3333814964642249,0.9001134226935548,0.3327084318130978,0.9812101292312858,0.33391007172267734,0.9568098431406503,0.9237160523000482,0.3377526466014253,0.9279721733044708,0.3314804841595777,0.9063842036241525,0.33076686923899706,0.9193940720265861,0.301194211912202,0.07032432587611494,0.076541229828945,0.07791085718539298,0.07641779902174911,0.9970744435480045,0.0015410262763547618,0.0013845301756413297,0.3005215574797991
12,remote_vpn,No Access,0.7319483765061603,0.35669871178764745,0.7397171431022784,0.323504184439028,0.9195167418256218,0.3197971037733247,0.7944454249965955,0.9261461121784761,0.33259057147787996,0.8141562994509481,0.33296671428570246,0.8832199192132476,0.33444271423641764,0.8745008797139928,1.0,0.33327670330310477,0.8920984342004087,0.33256480099569025,0.9984844629416427,0.33415849570120504,0.9636093076591354,0.9424956479930635,0.33620361241307156,0.9083072483644911,0.330687731323856,0.8986248553127509,0.3331086562630725,0.9165762228833628,0.2725317930340126,0.06481500539166764,0.068969306915885,0.06997427809212148,0.06877320263433848,0.9976505781681904,0.0012728633893534411,0.0010765584424566876,0.27203819909091054
13,remote_vpn,No Access,0.7657298743047014,0.35976003484886376,0.8782548208492346,0.31632433481760847,0.7862789418522618,0.32391563033352777,0.8079804173382221,0.9448034197649062,0.3313511499200398,0.8575053687799148,0.33307109458353984,0.8776130584282801,0.3355777554964204,0.893179371719987,0.987851352169765,0.33383357612527464,0.9194847997437688,0.3320545145808506,0.9727026541237176,0.3341119092938747,0.9600885693629032,0.9248365026516743,0.33639523610849587,0.9299918613736091,0.3301973073835594,0.8930828695723984,0.3334074565079448,0.9159518901804057,0.2465969639416065,0.05937850276832445,0.062135329878282596,0.06308998491949983,0.06199314637549961,0.9980786197871633,0.0010646912630741573,0.0008566889497632069,0.24622878586157043
14,remote_vpn,No Access,0.8468944420480011,0.35690287802047616,0.9301284922698866,0.3137028320281891,0.8908772186121484,0.3293942899513348,0.8874928747802187,0.9338308628984012,0.3365013643707901,0.8659029223058402,0.3305599728401675,0.8699803535974856,0.33293866278904233,0.8901183015159896,1.0,0.3337699077945098,0.9032593966740198,0.33218598101425556,0.975846012971684,0.3340441111912345,0.9597956306516499,0.9289194237209238,0.33550946695380596,0.891461126597057,0.33138298479760947,0.894315389218775,0.33310754824858446,0.9049795163220609,0.22313016014842982,0.05282539146191358,0.056570217154696845,0.05735903583923682,0.056375515692582555,0.9984089197588314,0.000896354033834647,0.0006947262073345728,0.2228526493443598
15,remote_vpn,No Access,0.8878839062729758,0.3422139654994325,0.8574947416361852,0.3397040623440571,0.7741735429902241,0.3180819721565105,0.8413913669870048,0.9663756714690621,0.3324318517611851,0.8684862419627601,0.3309136830921415,0.8682046292777514,0.3366544651466735,0.900933000113536,0.9943607937771064,0.33366070445087753,0.8953148251963142,0.3323901147768058,0.9871130947826902,0.33394918077231667,0.9590185297706874,0.9221213949615642,0.33619044362384176,0.9044141082729866,0.33154347606234663,0.9215650191813141,0.3322660803138116,0.9160657947815155,0.20189651799465538,0.0484036607320313,0.05106630027885351,0.05166377091574264,0.05076278606802792,0.9986547285439134,0.0007695411378561874,0.0005757303182312157,0.2016830313451913
16,remote_vpn,No Access,0.8514567828403972,0.36816741370266076,0.9340524452403999,0.33561518120969164,0.9771854576441257,0.2962174050876477,0.9164201628393778,0.9369361122565358,0.33230310329333357,0.8514182291737442,0.33129149602801916,0.8873498138309466,0.3364054006786473,0.8919236662428573,1.0,0.33379097128067875,0.8920170353075438,0.33212683162777507,0.9824298170997107,0.3340821970915463,0.9582660747602918,0.932225686441815,0.3400680295553222,0.8895926787694307,0.3311074569015842,0.8648303398153145,0.32882451354309367,0.895948337621819,0.18268352405273466,0.042144868132817204,0.04679007806541337,0.047335672756800486,0.046412905097703606,0.9988483397674284,0.000666653300614571,0.0004850069319579653,0.18251743609069712
17,remote_vpn,No Access,0.8601937331738081,0.3713870830037282,0.742752199911225,0.32721271926458895,0.8305152882888458,0.3014001977316829,0.8128202805636592,0.924607824618244,0.33185837402330665,0.8505306300220642,0.33174686472417186,0.8640354878543363,0.33639476125252143,0.8796567307991968,0.9821124771035953,0.33356139855114636,0.9188023531193308,0.3321958198144336,0.9893410090320454,0.3342427816344201,0.9634972031829876,0.9252380008432411,0.3422817187601465,0.9277816985185959,0.3292288826924796,0.9077410165900096,0.32848939854737397,0.9203278857530688,0.16529888822158656,0.03789837823195778,0.042406791931249015,0.04287909356251198,0.04211462449586779,0.9989925568026746,0.000590653377872119,0.0004167898194542552,0.1651668064280112
18,remote_vpn,No Access,0.7052009972114954,0.34823459407941443,0.8516936562028667,0.3332584998496666,0.9103399411788161,0.31850690607091897,0.8193590913436356,0.9339490584925236,0.33806163865332123,0.8943048931544813,0.32647623546972016,0.8917042118037819,0.33546212587695856,0.9068346345570689,0.9943864645094874,0.3338514053479509,0.9267416164884197,0.3313760473413437,0.9863243493579424,0.3347725473107053,0.969271607323265,0.9573811779541606,0.3392815803323666,0.8762658884198635,0.33208584811470504,0.8926061011046558,0.32863257155292835,0.9091567381565024,0.14956861922263506,0.034168121996976726,0.03823468760814587,0.03876021485861984,0.038405594758892624,0.9991091614443384,0.0005277498023096858,0.00036308875335322455,0.14946253107166163
19,remote_vpn,No Access,0.8041481849304087,0.34826923746287286,0.9063553374701793,0.32512030202172004,0.8932065859437401,0.3266104605154071,0.866465210600649,0.903618859698851,0.3367681171053897,0.8247024174092843,0.3252955362972541,0.871574719534126,0.33793634659735616,0.8671188136244743,1.0,0.3337404162846232,0.9009943319503565,0.33160495635777065,0.9898481289813371,0.33465462735760604,0.9637718591544928,0.9343796246643498,0.33735939728757086,0.8832616170142081,0.32877452769808146,0.9021345263879098,0.33386607501434773,0.9068077814423008,0.1353352832366127,0.03092584366393099,0.0344254096477556,0.03505718848240301,0.03492684144252309,0.9992025287890379,0.00047684735455066993,0.0003206238564124053,0.1352490531046141
20,remote_vpn,No Access,0.8393222554556593,0.35515709973095444,0.7480857681526687,0.31050456310264,0.8365802682636088,0.3343383371664054,0.8100761583883027,0.9358876321148991,0.3362123102380995,0.8444716072743294,0.32774273150245037,0.8452543775084485,0.3360449582594502,0.8754698461694121,0.9940372684164611,0.3351161857286089,0.8826804198102535,0.330309903056264,0.9900986085320812,0.3345739112151271,0.9559372257062305,0.9027369654430947,0.33632739100384285,0.8833852854296389,0.3299409499251418,0.9259832939548603,0.3337316590710153,0.9041100895383491,0.12245642825298195,0.02785459686687887,0.031248302955875978,0.031743667650924706,0.0316098607793024,0.9992760275672853,0.00043694675670832514,0.0002870256760072465,0.12238534724426846
21,remote_vpn,No Access,0.8165352968726632,0.352476129683959,0.8468188655577689,0.3069275584336158,0.8989842570683708,0.34059631188242523,0.8539119704310384,0.9171639899770954,0.3345122263218481,0.8445534245035404,0.3278914093026196,0.8711603732729725,0.3375963643755323,0.877824955586274,0.9998099477513092,0.33550851402873394,0.9165395061242488,0.3302088896718416,0.9702677824496858,0.3342825962994245,0.9624378759618202,0.9564365341574519,0.3344920281033736,0.9076322183325923,0.33220414004784116,0.9150041365585594,0.33330383184878526,0.926413961505838,0.11080315836233391,0.025194067763536613,0.028341179488062706,0.02872031855930835,0.028547592551426238,0.9993392657450818,0.00040154096151616127,0.00025919329340284847,0.11074430663781848
22,remote_vpn,No Access,0.8643323285280751,0.3528180312455497,0.9099849221868239,0.31449976612820124,0.843876884868564,0.332682202626249,0.871884896504554,0.9208532319606979,0.33271129315999715,0.86368271853971,0.33117008014942984,0.8825692458741172,0.33611862669057296,0.8890521076212228,0.9989694759654204,0.3351513400547741,0.9109794130612695,0.3303420529234645,0.9894825948879107,0.3345066070217613,0.9667292335483417,0.9110618717654904,0.3346128420580287,0.8727449707216633,0.3313998209251874,0.8909137106303128,0.33398733701678396,0.891634426937835,0.1002588437228037,0.023092391244308307,0.025597607216773215,0.025899464098057167,0.02566938116366502,0.9993915190721966,0.00037208250448831937,0.0002363984233160199,0.10020968864484453
23,remote_vpn,No Access,0.9420377365034824,0.33924045248414336,0.921737648815998,0.31286982207176206,0.931851585340121,0.3478897254440947,0.9321427943491043,0.9076172737051998,0.332106736759897,0.8525596279891252,0.3314222795449751,0.8753233552389142,0.336470983695128,0.8785039767418774,1.0,0.334961737724832,0.8982600055514804,0.33045667860064715,0.9859596172279123,0.33458158367452073,0.9616816858504124,0.9054836131939735,0.3322128031583887,0.9032695145356475,0.3343589338277981,0.9060024183882711,0.3334282630138132,0.9049162938419633,0.09071795328941247,0.020370999399339142,0.023329177259783652,0.023609438442934335,0.023408338187355333,0.9994365430921561,0.000346188540697877,0.00021726836714675013,0.09067669270275715
24,remote_vpn,No Access,0.777706776802377,0.33242013900635914,0.8766561969698456,0.32467844988012806,0.8207182660914434,0.3429014111135128,0.8245822215302028,0.9525975329031523,0.3322111373282478,0.8236360759224801,0.3307536215558748,0.8939752454443005,0.33703524111587746,0.8901852871772145,0.9820235510279282,0.33467556209550575,0.901479385239518,0.330677591218547,0.973115019982208,0.3346468466859472,0.9524081884752551,0.9327611228145151,0.3327181496155844,0.912197940822585,0.3340233184553595,0.9212257774315814,0.3332585319290561,0.9220482882599579,0.0820849986238988,0.018412679437888387,0.0211323804949538,0.021368817028342726,0.02117112166271388,0.9994726980803058,0.00032567088843943505,0.00020163103125536708,0.08204999048800789
25,remote_vpn,No Access,0.8166849295630307,0.3462780675854552,0.7032131816060191,0.28603358611378193,0.8162199856312616,0.3676883463007628,0.7840572441068927,0.9611614157191883,0.3326255721613649,0.8442196588199545,0.3309147161425003,0.8738977185833273,0.33645971169613476,0.8931029490498025,0.9937303433562387,0.3345694354123262,0.9054786433570323,0.33087198432092135,0.9821378042804809,0.33455858026675245,0.9606519448429343,0.9016015279809496,0.33345057559959435,0.9459077155227034,0.3295773250148206,0.9068686746015243,0.3369720993855851,0.9179787242070725,0.07427357821433388,0.016167589461669952,0.019309611436923363,0.019491461720322262,0.019304915595418297,0.9995029103921875,0.0003085333598134702,0.0001885562479999603,0.0742436599640853
26,remote_vpn,No Access,0.8972353150873754,0.32239919412864,0.8226155118768826,0.290137408010615,0.8611868396268301,0.3874633978607451,0.8616178540079784,0.8900720899769685,0.3302006575733757,0.8701622745218419,0.3313108963807145,0.88146746321828,0.3384884460459099,0.8805631844314024,1.0,0.3345144027040497,0.9135992279742022,0.33133407036959683,0.9730978928395948,0.3341515269263535,0.962383100336431,0.9357608806862219,0.3317530097695077,0.884161013499753,0.3276332701938975,0.8978855010630467,0.34061372003659485,0.9059541735071004,0.06720551273974976,0.015075600658813141,0.017316999831398387,0.017474777846832237,0.01733813440270599,0.9995294037468492,0.00029325402294282137,0.00017734223020882123,0.06717984526501915
27,remote_vpn,No Access,0.7333372528369384,0.30579397748351705,0.810262946685053,0.30599243435607787,0.8353544512686824,0.3882135881604051,0.7964803958193127,0.949268526492622,0.3293178874463659,0.8511258138000652,0.3321378883625115,0.8559784445753302,0.3385442241911226,0.8850887947333317,1.0,0.3347350752420439,0.9012726063724164,0.3314243664387208,0.9896634673220076,0.33384055831923537,0.9638285822765258,0.9535566432132174,0.3296224611275983,0.9107304338682383,0.32979065047174083,0.9057421501435118,0.3405868884006608,0.9231479703610317,0.06081006262521797,0.013529595398426889,0.01571118663342689,0.015851201509324758,0.015718079084039435,0.9995516788598126,0.00028045585419236944,0.00016786528599599393,0.06078790413788397
28,remote_vpn,No Access,0.7393126768552832,0.3134518124573422,0.8331691992089898,0.29939994074339166,0.8655694034402802,0.38714824679926607,0.8162933844303596,0.9497179789160705,0.3267939975543152,0.8757386667856203,0.33510463020008857,0.8833705306979588,0.3381013722455962,0.9024950055946018,0.9813712234598727,0.3337430123403667,0.9056524362418007,0.3326942003660585,0.9826835540387922,0.33356278729357475,0.9566177667394233,0.9406793559961898,0.3308411553311981,0.9238621400806628,0.3288972061794537,0.9046615821437888,0.34026163848934804,0.9228927539200994,0.05502322005640723,0.012226749252777908,0.014241185808969433,0.014348847982402015,0.01420643701225788,0.999571242169584,0.0002690855774774731,0.00015967225293955778,0.055004021260708545
29,remote_vpn,No Access,0.7307776788070258,0.30202293963711424,0.8322458293338947,0.3155494874573689,0.9270147581516106,0.38242757290551677,0.8378423716668433,0.9649314816421279,0.3254969551744378,0.8513690245789438,0.33694974673726213,0.8811185302557939,0.33755329808830015,0.8983753023328553,0.9977694236296974,0.3337309252001407,0.9072314468981948,0.3326186259258259,0.9785196938657115,0.33365044887403333,0.9612321252387028,0.9210887563066117,0.33104812625266006,0.9042481163168415,0.33035104978795793,0.8831363819519155,0.338600823959382,0.9026747279791749,0.05,0.011157129455713585,0.01294254755037497,0.013019439794467465,0.012880883199443983,0.9995882517361568,0.00025916611418695266,0.00015258214965729877,0.04998322714054928
0,public_wifi,Limited Access,0.44602541810892904,0.3333333333333333,0.19366723636742592,0.3333333333333333,0.0,0.3333333333333333,0.21323088482545163,0.5885690328848032,0.3333333333333333,0.5685823600403909,0.3333333333333333,0.6380605946982093,0.3333333333333333,0.5984039958744678,0.7392537632477296,0.3333333333333333,0.7748870328531534,0.3333333333333333,0.7442777359021022,0.3333333333333333,0.7528061773343284,0.7414752648254699,0.3333333333333333,0.794884979093946,0.3333333333333333,0.728103803266782,0.3333333333333333,0.7548213490620659,0.9048374180359595,0.22620935450898988,0.22620935450898988,0.22620935450898988,0.22620935450898988,0.35226272636258005,0.23761074455581485,0.4101265290816053,0.5042894106133495
1,public_wifi,Limited Access,0.5887783403059625,0.6007027355089741,0.44378510745850697,0.35364508235727826,0.8686045823832859,0.045652182133747596,0.5502768751034921,0.5343880168292446,0.3194780739593525,0.5455302352649695,0.3384284048203433,0.6479173563732854,0.34209352122030423,0.5769965115670432,0.784183252859051,0.3233864965147277,0.7679290163413917,0.33929600648473557,0.7611096949151884,0.33731749700053676,0.7708851405076302,0.6752316242316466,0.3418648587700849,0.8180282265236933,0.37435658598810806,0.612026272273867,0.283778555241807,0.7107521492942702,0.8187307530779818,0.06673942838229545,0.2533764676336076,0.2542022609638468,0.24441259609823196,0.5407869011834027,0.2502691976935809,0.20894390112301664,0.5282932656193449
2,public_wifi,Limited Access,0.3406164441933505,0.5690560944862934,0.08137147803284492,0.35134808154185415,0.6430393292429488,0.07959582397185248,0.2736028214069416,0.7474797316711471,0.22657888029077156,0.6236453127835698,0.37191943503465125,0.6100017056263755,0.4015016846745773,0.6462256454979238,0.7208894581119374,0.34682023589264954,0.6568686462096817,0.287335244764432,0.7742125129835971,0.36584451934291845,0.7220019698334035,0.6810099840490688,0.3525833744605695,0.7461190214411227,0.3525582017422911,0.7295104123877546,0.2948584237971394,0.7182654690426138,0.7408182206817179,0.07423007137321386,0.21597763492415725,0.22490713503844217,0.2257033793459046,0.6405254244808315,0.23904248068817688,0.12043209483099193,0.5191220503681253
3,public_wifi,Limited Access,0.34220015124553715,0.5971249917919365,0.4955930202808688,0.3067728060945384,0.2257345367822317,0.09610220211352508,0.37806431009396935,0.5590097011628827,0.2390446429072667,0.6119319632707244,0.36733767414807794,0.6116786883918232,0.39361768294465527,0.5991814865523294,0.7319631451019917,0.3458812047932819,0.7221050950187416,0.2995378596055694,0.726648551491461,0.3545809356011488,0.7271258323054086,0.7115430612513817,0.3612031301793155,0.7290606595885636,0.3424067690734611,0.625860614202146,0.2963901007472233,0.6921457763867511,0.6703200460356393,0.07871188359171681,0.1948948295161769,0.1995576393041033,0.19715569362364238,0.7017775425377656,0.2229427453447384,0.07527971211749673,0.49564630466676785
4,public_wifi,Limited Access,1.0,0.45581470410777497,0.9749302076783357,0.30325193877922413,0.0,0.2409333571130009,0.7514641797606618,0.624017701038645,0.25891630622177086,0.587885943179436,0.37321464999556786,0.6951456644598911,0.3678690437826613,0.6366985755654775,0.8014976054612559,0.34040898630961947,0.7405097425696753,0.31736703494633217,0.6865149337473481,0.3422239787440485,0.7427922408470873,0.6253625812605482,0.3425965947781158,0.8267423361085986,0.34254991956990916,0.6975165450680157,0.314853485651975,0.7170631270951435,0.6065306597126334,0.04078945856629082,0.18492942738664125,0.19134146426051155,0.1894703094991898,0.7625095393323242,0.18903455404718394,0.048455906620492595,0.4771804104331614
5,public_wifi,Limited Access,0.4012104245752426,0.45305749826245206,0.6616107381150771,0.29553860094428824,0.43830048282495265,0.25140390079325986,0.4874933542488857,0.5953514085680027,0.2690471634003757,0.5592222121075926,0.3662743782095095,0.6264830271530184,0.36467845839011487,0.5934712402720294,0.7548116210959475,0.3616570023024303,0.8462785897491987,0.29460018537170024,0.8049789366885517,0.3437428123258695,0.799002461165224,0.7652859497431547,0.33066120495417994,0.7994821708867987,0.3544781211838006,0.6120333551484098,0.31486067386201955,0.7291545467605351,0.5488116360940264,0.04204720296649584,0.16808281915094636,0.1666597100375663,0.17202190393901787,0.8048009624725229,0.1624390509320256,0.03275998659545232,0.4506736638655267
6,public_wifi,No Access,0.5085514123224335,0.4836550514347872,0.02201609881967781,0.24529216040443652,0.3234028423989821,0.2710527881607763,0.3390230780585608,0.596648411457877,0.2844945246595293,0.5082691982913183,0.35155925731296,0.5927206894672229,0.3639462180275108,0.5641484013511758,0.8358574531543056,0.34791776063737534,0.7534123452510184,0.31207930463236505,0.681030837687218,0.3400029347302595,0.7574865375763441,0.6904384037715152,0.33660770961768705,0.7435125883534517,0.35117947551004675,0.7256412345238276,0.3122128148722662,0.7200677429567746,0.4965853037914095,0.041014597934743116,0.14894502070862436,0.15119474279138187,0.15543094235666022,0.8312410040045412,0.1454288288222198,0.02333016717323988,0.4185747755740852
7,public_wifi,No Access,0.2879686496036452,0.48241072069401003,0.5372932530752988,0.27161912937740235,0.7969085037920904,0.24597014992858762,0.4808739935703472,0.5656426018333225,0.28686212478045653,0.5644312635027476,0.35140333781332866,0.6165943015128486,0.3617345374062149,0.5836479230143711,0.7433203579718746,0.3498804367657458,0.7112665124982589,0.31464740214559206,0.7935042584940772,0.33547216108866196,0.7500700003248668,0.6346414945430651,0.3372187214054513,0.6935397020470621,0.33905161847478016,0.6398715619049353,0.32372966011976856,0.6563041550520206,0.44932896411722156,0.04058354226368527,0.13556632750670047,0.13783999092759935,0.13533910341923652,0.8512309021166931,0.1315310672334465,0.01723803064986118,0.3863554727003232
8,public_wifi,No Access,0.2588393700289001,0.48097458162407736,0.23799953759362313,0.2904037435979183,0.8543000162221277,0.2286216747780043,0.3889226148708307,0.7270739044795548,0.28101388364135677,0.45961548995516377,0.33975876423939627,0.6785902258317814,0.3792273521192469,0.6178162270007239,0.8717703785009264,0.33457621167610313,0.7000777110691728,0.3292883378855673,0.8280411308288101,0.33613545043832965,0.8005350350515887,0.6681683713376414,0.347010399466054,0.6859754116226251,0.3310524199705869,0.7444225745819814,0.3219371805633591,0.6986124983150871,0.40656965974059917,0.039454057468872906,0.12252150040707756,0.12210296496969449,0.12249113689495424,0.8700434846839885,0.1169354403608948,0.013021074955117395,0.35638027053447385
9,public_wifi,No Access,0.3847665685375119,0.48428891670845314,0.2530217677154924,0.2907053848177833,0.23019894387096668,0.22500569847376367,0.311689049167278,0.6444600089310857,0.28628328177780404,0.601356041479762,0.3383997411800642,0.599992776508276,0.37531697704213174,0.613184330251365,0.6588144799904018,0.31631076863570806,0.762944860450932,0.34229427351130554,0.8137468758544364,0.3413949578529864,0.7473508516766592,0.735655505710678,0.3435252881073482,0.7887131512884807,0.3326850413102413,0.7120812272780938,0.3237896705824104,0.7456738828736489,0.36787944117144233,0.036696961543930214,0.110850352855293,0.11052036982976345,0.10981175694245565,0.8841440249235735,0.10571143684930477,0.01014453822712269,0.3271243933309221
10,public_wifi,No Access,0.3058083298351531,0.46748173878691995,0.15371060567082143,0.2860230832605756,0.12228860781390438,0.2464951779525046,0.21706814327533258,0.6168733586154903,0.28887068437300256,0.6037906634782987,0.3350610398590386,0.6215274965530848,0.37606827576795876,0.6142401308080414,0.8376386203568918,0.31138950588976944,0.7109330164666035,0.347430286560286,0.8097418771141466,0.34118020754994444,0.7840994394389674,0.5886551567163449,0.33021911298238726,0.7939376136784576,0.33656322901545743,0.687686722691594,0.3332176580021554,0.6907447497742987,0.3328710836980796,0.03327483266745858,0.09994911345363744,0.09915083334350822,0.10049630423347537,0.894654105444772,0.09721357340413209,0.008132321151096966,0.29915798889161044
11,public_wifi,No Access,0.0,0.39621415369324087,0.09410944556234915,0.28261806116294663,0.3032807307556804,0.3211677851438125,0.1240010296155498,0.5995534777005184,0.30220176684973826,0.5496195667504526,0.3326761761879174,0.5732356175507121,0.36512205696234445,0.573332423910798,0.7666357153730521,0.31257261649827317,0.7787771684756232,0.34638309041429344,0.7924651625992607,0.34104429308743334,0.7796502949909423,0.6824946471551425,0.3283245050071485,0.7101984733655682,0.338835317417195,0.7558002235280562,0.3328401775756565,0.7162807229600694,0.301194211912202,0.026381040946384618,0.09164825257236028,0.09088082620999088,0.09228409218346621,0.9029088648127774,0.09041582291345512,0.006675312273768497,0.27295620667560827
12,public_wifi,No Access,0.1894099457182592,0.3845123504243956,0.0,0.27343398336685104,0.5557710427263939,0.34205366620875327,0.26293398615910973,0.5980656659009829,0.32669754976311727,0.5981742470919509,0.32409350511902,0.611879452720248,0.3492089451178627,0.6029247542829923,0.8336039077849987,0.3092920901732822,0.7694367469542913,0.3626274176746933,0.7087215034543981,0.32808049215202456,0.7693636552795311,0.5987583526006351,0.32240022957099274,0.6970606331148324,0.34012608847012227,0.6313910190423333,0.337473681958885,0.6432061888558378,0.2725317930340126,0.023727925813480787,0.08448985672029763,0.0835500061107572,0.08076400438947694,0.9096255432648958,0.08478262143867543,0.005591835296429926,0.2486638567453633
13,public_wifi,No Access,0.05512217708970285,0.3560163711036161,0.5194298851253952,0.28264042339796536,0.5405312926786304,0.3613432054984185,0.36175359008090524,0.6766209879559939,0.327241390192612,0.6069447122719329,0.3253779500537939,0.5950601195489812,0.3473806597535941,0.6256171959292269,0.7193550829832605,0.31347891480324774,0.6856000088602715,0.36150723269854923,0.850243824929189,0.3250138524982031,0.7496930338160137,0.675744358329896,0.3313810601710391,0.8258215004807444,0.33139345699206973,0.7673889399773098,0.33722548283689113,0.75638382957819,0.2465969639416065,0.021568191879737936,0.07638868006675936,0.0769043854484323,0.07173570654667687,0.9169865764695749,0.0782897237347733,0.0047236997956529025,0.22670853074669475
14,public_wifi,No Access,0.009613909135985976,0.4464230610773616,0.09073059038182771,0.2789754962310747,0.34712300438200655,0.2746014426915636,0.12492396001524418,0.6005238630190786,0.3195075093706479,0.5561657792711302,0.32068391257473283,0.6049423622828621,0.3598085780546193,0.5878887531057062,0.7893416159255507,0.30684499831825474,0.7355993498569531,0.3527875097914188,0.7801988973125934,0.3403674918903264,0.767270131505311,0.6652137154647632,0.3426610156534085,0.6304228510587763,0.32008956788838305,0.7492090864718175,0.33724941645820844,0.6824049125679073,0.22313016014842982,0.02769389089138127,0.06676979054050315,0.06690216601838947,0.06176431269815591,0.9208610092414139,0.07502712392102172,0.004111866837565592,0.20593060521946893
15,public_wifi,No Access,0.14707087105826222,0.42837255563049065,0.3613938813561172,0.3437590281874404,0.21581333165757371,0.22786841618206893,0.23641057641768304,0.6350537123703298,0.3220476024523712,0.5735313212926889,0.3209725607815047,0.572471848839015,0.3569798367661241,0.5929662495328096,0.8132244810804492,0.2987889354158963,0.7228977130570711,0.3787247240031181,0.7188151601982413,0.32248634058098563,0.7485697843826624,0.6718305445671882,0.3503711511883293,0.7640775828393294,0.3094125223695867,0.7406454265496152,0.34021632644208394,0.723784879712702,0.20189651799465538,0.02820745909423202,0.059181066467517765,0.05964110640372931,0.05486688602917628,0.9246117127212017,0.07176858720275764,0.003619700076041843,0.18704128771625414
16,public_wifi,No Access,0.026831821457252825,0.4962706307877814,0.2250817798464311,0.3508321947204076,0.9667597397993267,0.15289717449181103,0.24009661240263053,0.5978735566478244,0.31926717600021365,0.5797705343640516,0.3264507909730994,0.6019172391886389,0.3542820330266868,0.5933964147757573,0.6877463251075591,0.29525075794982947,0.6052860169862451,0.34505885732039354,0.7972592846424991,0.35969038472977694,0.6986834239609498,0.6332334553231183,0.3541521587184785,0.7478847077826961,0.31142149898263816,0.655589489103514,0.33442634229888335,0.676414766829805,0.18268352405273466,0.025936587648731642,0.05455797430532792,0.052299803162751866,0.049889158935923245,0.927125570195384,0.06963333121529301,0.0032410985893240873,0.1696666140587438
17,public_wifi,No Access,0.2512641635492835,0.4794494159429106,0.0,0.38001124642869966,0.09168576777463486,0.14053933762838972,0.1333539135340855,0.6912320065673326,0.3235004120137962,0.5212418531517015,0.3222142839713653,0.6324296482758749,0.35428530401483843,0.6156259396182538,0.8226948979843429,0.2969016791886185,0.7742503927094978,0.3421513250779696,0.7528020976768007,0.3609469957334119,0.7808919500174054,0.6868424680161309,0.3509739754934724,0.8118686867611145,0.3023480439770259,0.7246101566210541,0.34667798052950155,0.7377371267143422,0.16529888822158656,0.027142045797725823,0.0480412170412157,0.04586548250836857,0.04425014287427647,0.9297459785950705,0.06732800429726642,0.0029260171076642694,0.1539278102776633
18,public_wifi,No Access,0.39184851490263295,0.4323315252617624,0.04945817656404353,0.37863926120294156,0.34849632475675796,0.1890292135352961,0.2540112597427769,0.6265211472261731,0.32772046550459216,0.5581152736329846,0.3365563853553911,0.5317079194890367,0.33572314914001683,0.5716677182765308,0.7692368275455576,0.3183249384336206,0.8293411652636372,0.32091099399391526,0.7282740531014452,0.36076406757246404,0.773747073178501,0.6906625467844657,0.3459967425152712,0.7798021067479918,0.30747367974888307,0.7162173436624705,0.34652957773584575,0.7269261082689076,0.14956861922263506,0.027546431060007193,0.042111191450058906,0.0409743404035785,0.038936656308990444,0.9319112304431643,0.0654185856529994,0.002670183903837664,0.1395843638352347
19,public_wifi,No Access,0.598777380676637,0.378996468469143,0.4651461143895965,0.39047419734156424,0.18224195794467124,0.23052933418929278,0.4505741855648123,0.6309399595900276,0.32986645191940084,0.5255040189198735,0.33433784271522454,0.6164309799560224,0.3357957053653746,0.5908166815913852,0.7450843563809804,0.33744672864347686,0.7332184642257696,0.3105380276454988,0.7653644568222475,0.35201524371102433,0.7485384501341636,0.7436389575077034,0.3442233019127822,0.7595397822528057,0.31189287442896857,0.6731612473250009,0.34388382365824915,0.724362166982939,0.1353352832366127,0.020491937841209618,0.03954830793291832,0.038423619770154974,0.03687141769232981,0.9345197739104272,0.06303423340069242,0.002445992688881682,0.12663901284905518
20,public_wifi,No Access,0.1495257214258295,0.389444532781736,0.41707621238257775,0.3568197229455487,0.4195298491021707,0.2537357442727152,0.3135027117756236,0.6925760924091386,0.32704220162939046,0.63681072327582,0.33187654608238093,0.6349733056469986,0.3410812522882286,0.6544216436660413,0.7861522408343711,0.34394599747420174,0.7360034294044437,0.3083938996086662,0.7209856203074845,0.347660102917132,0.7480308193176171,0.6518765496024798,0.3546876910917254,0.7403268700057819,0.30995237038252976,0.747150726009185,0.33535993852574486,0.7112430780154211,0.12245642825298195,0.018344137092466333,0.03511612684514832,0.0352509471626964,0.033745217152670905,0.9367264723131552,0.06101271168244066,0.0022608160044056413,0.11484660377590312
21,public_wifi,No Access,0.0,0.4136506859667891,0.5953917109790217,0.3134308360074736,0.3657122824620163,0.2729184780257372,0.2864237612489269,0.6168235108382834,0.3338244265528745,0.50776597195272,0.32619812909686624,0.6511543240990896,0.33997744435025934,0.5929208478447787,0.8252538654532587,0.3394396461112658,0.693709286654445,0.31163164041998115,0.7194287911206432,0.34892871346875304,0.7473350055342142,0.5926317584882852,0.3442840381737427,0.7042138305647384,0.31309933265939593,0.7421424479201294,0.34261662916686136,0.6787928792297273,0.11080315836233391,0.01786651966343208,0.031506714567304986,0.03157618062109211,0.029853743510504738,0.9381989439413952,0.0596881056011994,0.0021129504574070035,0.10407246695298476
22,public_wifi,No Access,0.40562535712894665,0.3748297872030707,0.4909727760942512,0.3449350042477101,0.4928615028159215,0.2802352085492192,0.4595113089318945,0.6309454224392189,0.33675848939619674,0.5955942075409753,0.3249416964813532,0.6088686880201333,0.3382998141224502,0.6119897835470994,0.8591470271370403,0.33648126025135466,0.7309341032731849,0.3218959133660302,0.8480319847956932,0.34162282638261515,0.8140786587245418,0.7468096224419267,0.3320133929372805,0.7319660372382096,0.310791052688958,0.7276224544453235,0.3571955543737615,0.735342797861376,0.1002588437228037,0.014023001836766047,0.029172000614999593,0.028378487981832446,0.028685353289205625,0.9403333962277785,0.05769176505118035,0.001974838721043093,0.09437573654308949
23,public_wifi,No Access,0.44894968153954495,0.3595373700446604,0.40380570280839767,0.3710635512002712,0.14142903264578752,0.26939907875506847,0.3493526169661168,0.7165356265572043,0.3319447662237569,0.6299655049407843,0.3262126890383245,0.6487901924220782,0.34184254473791853,0.6651370827952106,0.7938045802199499,0.3415441118300824,0.694278907656563,0.31697445238929106,0.8342440701777829,0.34148143578062656,0.7760668197535314,0.631537785018424,0.3238448014479138,0.7380734870887251,0.3240101066750924,0.7723376124990431,0.3521450918769939,0.7156383973953557,0.09071795328941247,0.012826273495111907,0.02570288610623695,0.025701408690618825,0.026487384997444786,0.9420375527534915,0.05610221912043776,0.0018602281260727827,0.08554409675168803
24,public_wifi,No Access,0.9416915959018446,0.2700459563832528,0.5946993472895942,0.4662499424900316,0.8313196551788408,0.26370410112671566,0.7508009465239254,0.5955305393228469,0.33600598018076744,0.6494204715506926,0.3165744359996292,0.6161123091593461,0.3474195838196035,0.6197412241348029,0.8789205042099119,0.3284532233949324,0.719719740820505,0.3233931534072658,0.7801433410225357,0.3481536231978017,0.793046440059682,0.6196638279283215,0.31979951137373286,0.8117816870106364,0.35717446649440904,0.6086545080296745,0.32302602213185816,0.6847271249368583,0.0820849986238988,0.007246442737454671,0.024809994895570356,0.024512136764440647,0.025516424226433132,0.943859530640515,0.054382942932954155,0.0017575264265328183,0.07754884155093214
25,public_wifi,No Access,0.0,0.273160444312895,0.09895671262137279,0.45624376741248174,0.08750243352999582,0.2705957882746233,0.06882617335412644,0.6075348069984347,0.33275993945740845,0.608528558403181,0.31454416695276194,0.6103631486612777,0.3526958935898295,0.6088449301963524,0.8646291600664793,0.32294666330478905,0.7886294798537942,0.3185510771378689,0.7982293250202911,0.3585022595573421,0.8166148891743017,0.6740833895212343,0.319470392277244,0.7659873420908097,0.3568108685966964,0.6810863409229109,0.3237187391260596,0.7091427052629659,0.07427357821433388,0.005706366406676032,0.022916033778132817,0.022119850361831915,0.02353132766769311,0.9451346958499571,0.053191087759430725,0.0016742163906142693,0.07026071077631045
26,public_wifi,No Access,0.30635002224249397,0.2848569214515434,0.6896835237768204,0.36506680355205495,0.6779341128861751,0.3500762749964017,0.5763751326425125,0.5720359676884681,0.3302891400872753,0.5187342874168793,0.3108297498556578,0.6261413007066335,0.3588811100570668,0.5748856017163304,0.8086740179711702,0.33474464911962726,0.727110599894353,0.33636717356175105,0.7394999368377773,0.32888817731862174,0.7584882241049837,0.6768865368803709,0.32240125648569384,0.7146963173817881,0.350956543440272,0.6696578969426216,0.3266422000740343,0.6877949479005743,0.06720551273974976,0.004682712183124156,0.02039350974233224,0.020858874678449983,0.02127041613584337,0.9463077926123099,0.05209055502667112,0.0016016523610213884,0.0636509203462077
27,public_wifi,No Access,0.3629130711684956,0.2536215523173838,0.215443401311534,0.39614634470553645,0.363694434842905,0.3502321029770798,0.3047671591426063,0.5835453623071598,0.3304499771762277,0.5669469685237493,0.31592030251809766,0.5829758103999428,0.35362972030567463,0.5781001822401415,0.7533659084663663,0.3278343532344432,0.7134904429423644,0.34023019158160384,0.7752796217797168,0.331935455183953,0.7470730095951672,0.6574904989410391,0.32150335574144573,0.7225877363363322,0.35865147918547546,0.6518415620693024,0.3198451650730789,0.679030934277521,0.06081006262521797,0.004748463743907656,0.018223057490546684,0.01867269346825625,0.019165847922507383,0.947181167261476,0.05127777305936215,0.0015410596791640696,0.057645002066397
28,public_wifi,No Access,0.5815448818949303,0.2469873613397761,0.7423805951532316,0.4563667211098649,0.020151575264716948,0.2966459175503589,0.488409916440038,0.6327208765568069,0.3347542284700739,0.49988522448508677,0.3063622076565154,0.7107070349306446,0.3588835638734107,0.620013003382621,0.807680692653784,0.32135141950923485,0.7580756326915973,0.3553301265563797,0.7406527733803099,0.32331845393438535,0.7683831571896448,0.6242092920549827,0.3195888075612135,0.7803096990209593,0.359416218957693,0.6826044346463865,0.3209949734810935,0.6990588573520033,0.05502322005640723,0.004373487533646391,0.0165698037684301,0.016775478847286696,0.017304449907044044,0.9481728087968984,0.05034182496602854,0.0014853662370756249,0.052212385926596966
29,public_wifi,No Access,0.0,0.27092171572229995,0.0,0.3740284492395607,0.2261559327220695,0.3550498350381395,0.08029662660586735,0.6256969942051027,0.3335325024105805,0.5554275947177082,0.31022636523544594,0.6587433174019899,0.35624113235397353,0.6156700334106453,0.8153381986587491,0.33643355045999296,0.8064599180502168,0.3393372185899533,0.7654388015517802,0.32422923095005374,0.7961466244623248,0.6584731634089956,0.33277747292867754,0.7464963822695455,0.35235932112722324,0.7163159852405497,0.3148632059440993,0.7077015413728684,0.05,0.003297371609719284,0.01529209525359026,0.015437779139636232,0.015972753997054223,0.9489896624536549,0.049572901054164106,0.0014374364921835303,0.04748541903498734
0,byod,Limited Access,0.9161198004630935,0.3333333333333333,0.8690038026465939,0.3333333333333333,0.8817044013579408,0.3333333333333333,0.8889426681558761,0.5729137892361824,0.3333333333333333,0.5567237012658087,0.3333333333333333,0.4487230215149583,0.3333333333333333,0.5261201706723164,0.213499644701485,0.3333333333333333,0.3281585473812221,0.3333333333333333,0.4114140364882207,0.3333333333333333,0.3176907428569759,0.4880264607805469,0.3333333333333333,0.7731590990803375,0.3333333333333333,0.44038865399213634,0.3333333333333333,0.5671914046176736,0.9048374180359595,0.22620935450898988,0.22620935450898988,0.22620935450898988,0.22620935450898988,0.349146790016013,0.24109108606392507,0.40976212392006195,0.5013051311020124
1,byod,Limited Access,0.9371634577898833,0.3326370776908278,0.8942444975764381,0.3310469753473649,0.8823694304470484,0.3363159469618074,0.9045271606325117,0.5245886743867224,0.34938136270099157,0.45782339445274645,0.2971232040383108,0.40579741789818286,0.35349543326069766,0.4627589938142258,0.2672196682346476,0.35043187125586456,0.3507874382495091,0.3709651644655854,0.5294927815835383,0.2786029642785501,0.371290466611798,0.6377105367971659,0.332043188430404,0.5554185909090693,0.23705573841286542,0.5303231430454893,0.4309010731567306,0.5719294155881298,0.8187307530779818,0.21219057918712625,0.19400725527985105,0.19917367848882145,0.21335924012218307,0.4842956319229708,0.2985310292140861,0.21717333886294304,0.48541097307452963
2,byod,Limited Access,0.9761805206132921,0.3222417363457657,0.8643928318221116,0.3364020842311665,0.8715450944971455,0.3413561794230679,0.9028569598212415,0.5211936018966662,0.3535853272767681,0.5780647934109255,0.2929369853662138,0.46107475504119483,0.353477687357018,0.5166026063399951,0.0670005104228455,0.3423372519885805,0.5170857430138204,0.34361632812498744,0.3009925429742013,0.314046419886432,0.29514150549373996,0.7076944163106001,0.3671379807169763,0.7226086332734123,0.36197432865947343,0.7325901671782671,0.2708876906235503,0.7198369324420774,0.7408182206817179,0.2108717554828618,0.19660032684721115,0.19228752061940727,0.1410586177322376,0.5696256657564281,0.3010553979851652,0.1293189362584065,0.4698899842900187
3,byod,No Access,0.9647191077511867,0.3238728132203367,0.8818423048071006,0.337158287492636,0.8601736849076388,0.3389688992870273,0.9013388598909197,0.5614960315932338,0.35317871597917433,0.4695215744693086,0.2907831799641248,0.43429146198698054,0.35603810405670094,0.48946173268530574,0.45169369187844427,0.3144141244602923,0.34269816749068344,0.5721263892416308,0.9968079872990642,0.11345948629807688,0.45118286399913826,0.5046838130208829,0.3625741753814836,0.6435656598996898,0.3976711628580235,0.3793023984757683,0.23975466176049273,0.5298523399337319,0.6703200460356393,0.20066604401804627,0.18980246118585492,0.14801712838393935,0.13183441244779875,0.6293281712637214,0.28795097407419773,0.08272085466208046,0.4495760122856191
4,byod,No Access,0.9646257728665787,0.32497715215413875,0.8862395085922792,0.33658141665343694,0.8752532624115454,0.3384414311924244,0.9079950526433032,0.5238228511494157,0.35502987802645664,0.49696227842711105,0.30330563685018513,0.49607634588472943,0.34166448512335823,0.5061958925984849,0.3744875128093921,0.30893255094476846,0.3316037952236469,0.5626771679272966,0.5135490809526375,0.1283902811279348,0.36821197787605364,0.5726925039186844,0.3679568395616271,0.6247100922874981,0.3898023881680982,0.6061909089916031,0.2422407722702746,0.6010837636062794,0.6065306597126334,0.17627436983244582,0.16860552208556526,0.13721399758973915,0.12443677020488324,0.6728906436784262,0.2711501918163895,0.05595916450518401,0.4250992805068829
5,byod,No Access,0.9476219094863908,0.32671391676306233,0.8960523843383488,0.33521460320060154,0.8725900736679505,0.3380714800363361,0.9049689277916628,0.47613973731580683,0.3439802831047607,0.47716724131593596,0.3132998027056096,0.49405381380318003,0.34271991418962977,0.48260116487286553,0.4058422737113408,0.29840471952422637,0.35079236097941074,0.561745399056785,0.6216271880902029,0.13984988141898858,0.405095733203592,0.6421611798701449,0.40343840931332003,0.4560045394958282,0.31212600231157883,0.5343410663193412,0.28443558837510113,0.5533889744698621,0.5488116360940264,0.15779377001410344,0.15143098908525401,0.12479677415048038,0.11479010284418856,0.704203355256969,0.25613774803292716,0.039658896710103586,0.397357627536058
6,byod,No Access,0.9221940226532772,0.327448226892859,0.8877064421355608,0.3379343442779912,0.8358280562960135,0.33461742882914985,0.8816399271444759,0.5438546152123099,0.3427110284280712,0.5252834112300858,0.31532363992407697,0.46677101882324146,0.34196533164785187,0.5116387579710656,0.37587758572931806,0.31831313094614705,0.2525405138718716,0.523401921917062,0.528370829323653,0.15828494713679087,0.33546011027655487,0.4987143872357758,0.4000064959927259,0.6148400245543714,0.3378853822901003,0.359339363466024,0.2621081217171737,0.5014202169002749,0.4965853037914095,0.14241730206696207,0.13780965229235861,0.1154432749481341,0.10091507448395473,0.7237235337691701,0.24691172581847068,0.029364740412358592,0.36668152014696925
7,byod,No Access,0.9670709696263465,0.32856381498687065,0.8866650922956417,0.33916904722206825,0.9021456730860414,0.3322671377910612,0.9182272423693539,0.5968073621869698,0.3353573110813339,0.4784387396025076,0.32195056754520357,0.5007235788412332,0.34269212137346255,0.5257713614220196,0.6175407330894068,0.26709860722470086,0.4870737677345367,0.5423786016195573,0.43452566148899313,0.19052279115574192,0.5119097005978065,0.4954962233694585,0.3928407111825222,0.6544204046139592,0.3508862821661004,0.6445124593339153,0.25627300665137737,0.5894493773031153,0.44932896411722156,0.13211576988777574,0.12793473087100038,0.09186096891420512,0.0974174944442404,0.754007474667373,0.22396009415813278,0.022032431174493494,0.3437473022672424
8,byod,No Access,0.9250908509626308,0.3285074860482557,0.8694928716054816,0.339222946782015,0.8937545956921005,0.33226956716972933,0.8958186565945138,0.5602376156878899,0.33518385109976057,0.5331730719425608,0.3220503326814524,0.45476093691364355,0.34276581621878716,0.5153676704787336,0.5809872285860285,0.28391121800606933,0.6030472355884533,0.4886544498778383,0.3859555634699796,0.22743433211609246,0.5474100526749417,0.4814521745408653,0.3839792354713868,0.595936111509219,0.35968418047486067,0.6370022551385603,0.25633658405375254,0.5625034118965623,0.40656965974059917,0.12202167905531867,0.11842571107195302,0.07363643804194835,0.0924858315713791,0.7779005618440307,0.20508728020864236,0.017012157947326023,0.3197290803749973
9,byod,No Access,0.9384410299548028,0.3290006286288213,0.8692197977908402,0.33840044331061486,0.8759161312821271,0.3325989280605638,0.8942208200283837,0.5231618949874707,0.33586955612902875,0.5379584995404169,0.3225729396992268,0.4904843143841477,0.3415575041717444,0.5167736063424395,0.4472216968172891,0.3269458400653806,0.18495156950567337,0.4666063574437732,0.15263035096046032,0.20644780249084627,0.2640270520611383,0.46442795882750687,0.3919504055421167,0.6945935930331072,0.37804241455539045,0.7784869982743189,0.23000717990249273,0.6236761649163117,0.36787944117144233,0.11124260195998124,0.10816920910197808,0.06331004543401714,0.08515758467546587,0.7934858616673957,0.19294109561587572,0.013573042716727546,0.2944037570524548
10,byod,No Access,0.969050866941948,0.3310125234455103,0.8606401502661718,0.3375470621833125,0.8956656370704011,0.3314404143711772,0.9081343170215028,0.5219553283573879,0.34152694445212006,0.4984310473391308,0.3316294708905991,0.5493409434589693,0.32684358465728075,0.5231047960980669,0.1575822259774367,0.3290118012609505,0.2370411908699177,0.467816725845542,0.252149146710695,0.20317147289350748,0.2139677593448927,0.6385721004094106,0.36554170212526615,0.6560478025091131,0.4048984656247396,0.5345111641383995,0.22955983224999418,0.6217597743011445,0.3328710836980796,0.10299046612548338,0.10016390584704377,0.05157851271460078,0.0781381990109517,0.8072900775481869,0.18165063062012438,0.011059291831687523,0.27056418220064526
11,byod,No Access,0.9393031374960529,0.3311414343633372,0.8737459973635665,0.33822974111801923,0.8583686538767484,0.33062882451864356,0.8903704897785303,0.5644394781701122,0.3328008983012847,0.5047695859897078,0.33213640955531853,0.46518500734051194,0.33506269214339673,0.5113644642193256,0.29018587818935104,0.3397553705953876,0.45848416274484716,0.46425697717403064,0.2599464717348803,0.19598765223058184,0.3623929807648025,0.5813037205582172,0.3684458978431526,0.6248726200981415,0.40810449936696164,0.6323042606229534,0.22344960278988574,0.6104804349124624,0.301194211912202,0.09261144595445911,0.09192356980005666,0.04639306109147767,0.0702661350662086,0.8199546790634153,0.17087176467563017,0.009173556260953064,0.24834711438845294
12,byod,No Access,0.9422945371570391,0.33317095672034747,0.8655070598171095,0.3382778769154727,0.901242131531738,0.3285511663641798,0.9028312165985446,0.5251796962346408,0.33428154533589916,0.5866449643412,0.3295284254770331,0.5056855870199622,0.3361900291870678,0.5388805241094603,0.18107613801338057,0.39306060358015527,0.5009904164024224,0.4571269523440543,0.0,0.14981244407579034,0.30019011830512093,0.6761487077725558,0.37920478149073816,0.5213308062294805,0.4015488495752791,0.7268859285604904,0.2192463689339827,0.6251057089418315,0.2725317930340126,0.08128889152056788,0.08009777842596445,0.04088092757190129,0.07026419551557894,0.8312091196476832,0.1610499643538336,0.007740915998481812,0.22758573462220216
13,byod,No Access,0.9477095963780948,0.33364099788313784,0.8890586922111835,0.33738806993252984,0.8837612435833639,0.3289709321843323,0.9068843317908877,0.4475451259770443,0.3178487426904788,0.489977488442364,0.3364604362559803,0.45992492687461245,0.34569082105354093,0.4661015207002574,0.5946490599645557,0.33200428362931556,0.5386064530684991,0.39907556054361004,0.34449308200496587,0.26892015582707446,0.5050118406292197,0.7235955342509668,0.3606976664527154,0.7538398200835971,0.38439343947287713,0.7809912073580363,0.2549088940744076,0.7498519068629518,0.2465969639416065,0.07746507036960022,0.07522007711821892,0.03699951104842164,0.0569123054053657,0.8436529572473194,0.1497553051257254,0.006591737626953531,0.2088550091205001
14,byod,No Access,0.9397478693730207,0.33464550891464223,0.8842377049348932,0.33733057432314406,0.8624909477567675,0.32802391676221376,0.8956804756967802,0.39748942998312,0.29279700740529013,0.5571748694182294,0.3469015560287903,0.47224405021974053,0.3603014365659196,0.47981875445949473,0.4811585746148267,0.33387016942293907,0.2704558616302191,0.3910564888242347,0.5076000805400896,0.2750733417528263,0.40603526488516484,0.41282947163795325,0.33411160440165716,0.5843541327041861,0.4036378308531366,0.7138651693202914,0.26225056474520636,0.5610100954942074,0.22313016014842982,0.07048588700351989,0.06788867272722693,0.033608559665907554,0.051147040751775466,0.850901272984506,0.14334730124039105,0.005751425775100905,0.19050339558867568
15,byod,No Access,0.9717095121570558,0.33484235164920223,0.833228940933303,0.33550592043186533,0.8606558804533432,0.32965172791893244,0.8886394390638985,0.46278501024590435,0.2939579362380931,0.5036453347351885,0.3565342960148877,0.5584286436353121,0.3495077677470191,0.5107813100777772,0.6611648468051181,0.28939059294890945,0.2749111898663976,0.37896252214871146,0.43932794643207485,0.33164688490237915,0.44121766981733834,0.6539380984858875,0.36063179385317123,0.34486969563763414,0.34288305850211565,0.5969730759868336,0.2964851476447131,0.531074496124698,0.20189651799465538,0.06400031435068923,0.06208289545344543,0.03016590833641911,0.0456473998541016,0.8574906458874676,0.1374290073990289,0.005080346713501438,0.17363722777349855
16,byod,No Access,0.9280302387166179,0.33396607012853363,0.8862911327012598,0.33395253338177205,0.8558433629482062,0.33208139648969437,0.8901194400082966,0.5138593187213405,0.2955871689398895,0.49064714611321564,0.35328832653898884,0.4903701063060433,0.3511245045211217,0.4974110910343693,0.38600841517784135,0.30853306707829387,0.1767083486866487,0.3727293225360098,0.6075006670395602,0.31873761038569637,0.3785940542651884,0.5378795903875638,0.31443163986080114,0.6529241675287409,0.2906649249848916,0.6439276330920443,0.3949034351543073,0.6131977501276127,0.18268352405273466,0.056895945648854536,0.05500193841455801,0.027129760230450453,0.04365587975887166,0.8634329288265313,0.13202826131520656,0.004538809858259829,0.15814955311116086
17,byod,No Access,0.909004342583076,0.33199764672249726,0.851070207629516,0.3339346415697259,0.8682453077961133,0.3340677117077769,0.8760418505100087,0.591035722738822,0.29961626961569915,0.5201519700748138,0.3611967018461859,0.5662256228219237,0.33918702853811505,0.557017480993555,0.542790451856122,0.34382118513794085,0.04703555786459429,0.3207761686579367,0.4378492974013944,0.33540264620412247,0.348566555468267,0.4134961150738141,0.3010716175340097,0.691223419579413,0.2969146635095739,0.6001043209391519,0.4020137189564164,0.570976483066224,0.16529888822158656,0.05129133556758655,0.048665194225694985,0.026295630538928663,0.03904672788937638,0.8684700935818892,0.12742872846616007,0.004101177951948087,0.14389610100071148
18,byod,No Access,0.9291253536722953,0.33228063784428513,0.8658440162579834,0.3338406521988166,0.8946195908252014,0.3338787099568983,0.8964787311324217,0.5399918918280776,0.30781957580638253,0.4396502222324636,0.3478639296609874,0.45540501903593333,0.34431649453263014,0.4759619888105343,0.7338427152592626,0.2948513187679913,0.22718954774195904,0.40204181489064494,0.10389733116251637,0.3031068663413637,0.3392061849307404,0.6439208175277805,0.3177746388229742,0.550360977298419,0.3068819284309961,0.5156699726980403,0.37534343274602966,0.5670708809835251,0.14956861922263506,0.0451176543198031,0.042367539261531736,0.02763524183954566,0.03444818380175457,0.8719296566329495,0.12431609980437694,0.003754243562670956,0.13069407331480365
19,byod,No Access,0.9317282805390104,0.333109012141166,0.8983979445953288,0.33220300540374825,0.8657890647085327,0.3346879824550858,0.8985867796564297,0.5458304790540222,0.3058992311108702,0.5372473017898854,0.34877401640121053,0.5105886680077747,0.34532675248791933,0.5306669496857321,0.655788951808091,0.2823104633124838,0.1580060812670529,0.41073666763469596,0.5391081013177565,0.30695286905282027,0.4155157525349005,0.7167492643840503,0.33298536079005214,0.48402097524392496,0.31949570951022443,0.4195265409454534,0.3475189296997234,0.5391030517903073,0.1353352832366127,0.0407777656786084,0.038145234941939395,0.026120282576680788,0.030292000039384107,0.8756634059787735,0.12087853957979755,0.003458054441426328,0.11874215345671332
20,byod,No Access,0.9250368561206387,0.33671633895469827,0.8233962405690405,0.32703563325449,0.8519642429603081,0.33624802779081175,0.8672262309886634,0.5767115076505223,0.3174940758618131,0.3738486270431689,0.32332020230908903,0.41971886848288414,0.3591857218290978,0.454732325630265,0.40733076127654205,0.33078900595322835,0.3637351799759921,0.3808190664965746,0.27607226637947313,0.28839192755019705,0.35287484235158767,0.5444789245960909,0.3320240137028998,0.45564419466950434,0.308269690553763,0.6499844567351512,0.35970629574333723,0.555044874037366,0.12245642825298195,0.03566423220315535,0.032816493241943426,0.027548531516659217,0.026427171291223957,0.8776800566480353,0.11909488340295668,0.003225059949005238,0.10767502954712173
21,byod,No Access,0.9264640140845993,0.3366122550209978,0.8834799530022206,0.32650178426212156,0.8740147302739235,0.33688596071688065,0.8947602140808988,0.5543602810958981,0.3192852899663004,0.4617301802073837,0.3199172037773486,0.5018423459296287,0.36079750625635093,0.5057779781923082,0.41507909492378375,0.3524024211398467,0.44749798362703685,0.3705166721092813,0.2541168836450397,0.277080906750872,0.38249127822585444,0.5274334520280426,0.34497297338134686,0.4842979953069712,0.3237772537416945,0.447100477749793,0.33124977287695856,0.48685689282779965,0.11080315836233391,0.03267908403147672,0.030092554344491623,0.02535007882108982,0.022681441165275738,0.87983039563705,0.11714531222459489,0.0030242921383522026,0.09765553722013684
22,byod,No Access,0.9090795553385108,0.3349604467959578,0.8591632074298199,0.3263169095963908,0.8899906974904862,0.3387226436076513,0.8863251785568749,0.5670269248969064,0.3166614464408012,0.561295787821933,0.3329461117806257,0.5659677683727347,0.35039244177857304,0.5647476446509819,0.4436753869491953,0.3880060247726181,0.1932843509380726,0.3167854956387173,0.4897744658709468,0.29520847958866475,0.37796397750184807,0.5482150671150808,0.35856065679210514,0.4489843338729045,0.31113092618460364,0.7284104150736455,0.3303084170232912,0.5768613573146198,0.1002588437228037,0.02923855693969183,0.026288713217813193,0.02414302496914325,0.020588548596155443,0.8823261053619832,0.11482633666600227,0.0028475579720116384,0.08860374154489088
23,byod,No Access,0.924660578444272,0.3351768682560376,0.8577224747850521,0.3271753353326747,0.8503223148165578,0.33764779641128784,0.8776599310300943,0.555792302813068,0.32832115863763317,0.5749516988383814,0.3179152989696275,0.5257726587920958,0.35376354239273916,0.5512635123183047,0.272864322795366,0.31171287094506944,0.36161211357408807,0.404195997765591,0.30110607000932066,0.2840911312893395,0.3167590545542634,0.6300001886406466,0.3481065938720399,0.5176028844454532,0.34067109876306995,0.45439999480410387,0.31122230736489026,0.5370589780229323,0.09071795328941247,0.0244623053541627,0.021943768185855216,0.02187361675128007,0.022438262998114487,0.8838464387653208,0.11344980094042113,0.0027037602942551198,0.08030337974696593
24,byod,No Access,0.9607389302184265,0.3337378679761972,0.8898141548464102,0.3276171713307401,0.8787924698291437,0.33864496069306277,0.9097520000763142,0.47902974985767377,0.3556695488567407,0.43835234025883146,0.3040678363018833,0.5280600193074757,0.340262614841376,0.4833442256239552,0.7634724284411483,0.30137707910373396,0.5447464947086773,0.3510828181485586,0.39072799941866987,0.34754010274770747,0.5571378740630698,0.5094350006709257,0.36289083202889977,0.5154610731793678,0.32403629134161505,0.6338319954378908,0.3130728766294851,0.5503329918536737,0.0820849986238988,0.02321950591512397,0.020956434546894068,0.016512666103924607,0.02139639205795616,0.8861651870888588,0.11126419648946259,0.0025706164216753313,0.0728463726854539
25,byod,No Access,0.9835570066786179,0.33103461110867577,0.8867581733564937,0.3308685993776045,0.8470980123257277,0.33809678951371974,0.9053929643849574,0.42583459536049073,0.3412537273266746,0.44893824806887495,0.30624613004881834,0.4982101375342323,0.35250014262450713,0.45842238853119527,0.3439421016729407,0.31360876897367235,0.5121478073861838,0.32034229938303715,0.3028299227053186,0.36604893164329055,0.38277643502184167,0.6021453965665111,0.35134426430212,0.5816012529870374,0.35908527902591014,0.5104110245577288,0.2895704566719699,0.5682047330418281,0.07427357821433388,0.02099582826824479,0.018548506928433885,0.015267872490316163,0.019461370527339043,0.8876545005606545,0.10988415382519008,0.0024613456141517887,0.06602068244768985
26,byod,No Access,0.9553184899699959,0.3300485268586581,0.8711399897895805,0.33207588221263257,0.8878487508272557,0.33787559092870934,0.9045684622765889,0.4952001635975473,0.3399103275859389,0.510569870377904,0.3064465585767514,0.5312857635339407,0.3536431138373097,0.512671581272915,0.7707568973625776,0.32335443100890043,0.4309683525650608,0.3814698242200383,0.8162905586748185,0.2951757447710613,0.6545782532966802,0.44131206076245827,0.37465849819321095,0.7242604371248755,0.3677741776804099,0.8254247482891847,0.2575673241263792,0.6443080442944044,0.06720551273974976,0.020513527098336665,0.018172958538907533,0.010205127194809043,0.018313899907696524,0.8902084227362121,0.10743651316125145,0.0023550641025326113,0.05990605014050389
27,byod,No Access,0.9426148323101987,0.33285996801546774,0.8963687760437693,0.33167660607898614,0.8400650583665715,0.33546342590554606,0.892874398830243,0.45743684266505397,0.3539781636002618,0.6100384344466558,0.2922594605450243,0.6036622033740946,0.35376237585471393,0.5537651325720997,0.22411026297215123,0.27629118010834813,0.5854267666797894,0.45068687395809953,0.635318511687386,0.27302194593355233,0.49921974478577835,0.6058589832910475,0.38970008748210716,0.5346722268668377,0.38501434506337756,0.4651615197554861,0.22528556745451525,0.5467539529771742,0.06081006262521797,0.018596405695566837,0.01647363442645491,0.009178450986834157,0.016561571516362072,0.8919733030432684,0.10575924639580414,0.0022674505609235895,0.054309894323388355
28,byod,No Access,0.8878275808383242,0.3284586998405537,0.8439192291088647,0.33222353695687695,0.8890631780399648,0.33931776320256934,0.8736594530034967,0.5719937407104727,0.3468994168187767,0.4387152364004354,0.29133467843390615,0.549947360541016,0.3617659047473172,0.5251894618467492,0.1781036752904655,0.25701721545827644,0.599022229342841,0.42491691483038957,0.2899500390721459,0.3180658697113339,0.39253359964353984,0.4692573097678598,0.41011383544910646,0.3833468688110364,0.3726961209145346,0.7677704222026075,0.21719004363635896,0.5020728975929227,0.05502322005640723,0.016756597815316222,0.015033842394787186,0.008584646061674467,0.01464813378462935,0.8930939626725969,0.10471092102191042,0.0021951163054888534,0.04920129682294621
29,byod,No Access,0.9403027278168115,0.3280896498047094,0.8722658646862195,0.33448690128916475,0.8445657239982773,0.33742344890612586,0.8852413782784361,0.5863854507629997,0.34263041780041686,0.555912487328775,0.29173047303264765,0.5000575102492635,0.3656391091669355,0.5459306874599681,0.27182082058502904,0.24126175576879094,0.5287671750773173,0.4880482676319052,0.6054255857422772,0.2706899765993039,0.4875265098431555,0.536194693246827,0.4527448861107018,0.5127921653598855,0.34250387847615243,0.4484978122841381,0.2047512354131457,0.510223191960413,0.05,0.01533159071124714,0.013663696593199375,0.007768603841248592,0.013236108854304896,0.8943593447240515,0.10351151189867304,0.0021291433772715473,0.044771195820634366
0,compromised,No Access,0.6827181188422347,0.3333333333333333,0.0,0.3333333333333333,0.0,0.3333333333333333,0.22757270628074489,0.046240849664674566,0.3333333333333333,0.26452845093006083,0.3333333333333333,0.20597428044698432,0.3333333333333333,0.17224786034723988,0.48247535578733086,0.3333333333333333,0.26690691517960824,0.3333333333333333,0.17076399777281429,0.3333333333333333,0.30671542291325116,0.31211700582592294,0.3333333333333333,0.2260783288098691,0.3333333333333333,0.23647522728567186,0.3333333333333333,0.258223520640488,0.9048374180359595,0.22620935450898988,0.22620935450898988,0.22620935450898988,0.22620935450898988,0.12311761868372467,0.4833172977763879,0.3935650835398878,0.2894576352141866
1,compromised,No Access,0.22616619723502634,0.5302620130133565,0.8435256000553719,0.17529195038104606,0.638286799897409,0.2944460366055974,0.4557316090989314,0.23130693680549713,0.2205637997830658,0.2204313347626563,0.3904378536424611,0.16015099491015491,0.388998346574473,0.19938114634058338,0.0,0.19202891829612165,0.0021841917077224104,0.4758631623404711,0.513876525984477,0.3321079193634073,0.17170184022759516,0.0,0.13957222251715676,0.32697041378154057,0.38222201111560683,0.24683960123575774,0.47820576636723644,0.24301540980961112,0.8187307530779818,0.1148459331624195,0.25953105515193076,0.18156542761843358,0.262788337145198,0.12866707474339295,0.6815758505690706,0.18975707468753655,0.1830236673313999
2,compromised,No Access,0.21927179260284693,0.49548276503123645,0.270005890428768,0.21133787827487616,0.6075247544210153,0.2931793566938872,0.343821582773914,0.4259202287880841,0.14590990767583045,0.1274575020820122,0.37435409259024544,0.18453265780015252,0.47973599973392406,0.19838717786878318,0.0,0.18217580305673356,0.12492388800358296,0.5182246774019015,0.15360095724317246,0.29959951954136504,0.11075741455159627,0.11938605096177603,0.3115430420151658,0.0,0.2881532073432814,0.02291004411083622,0.40030375064155277,0.04636487007574047,0.7408182206817179,0.15045014963511869,0.27663158316042386,0.16821457710564292,0.14552191078053242,0.09585381516365596,0.8056994812194208,0.09844670361692351,0.10747580869782872
3,compromised,No Access,0.2291775861535901,0.4677083253768998,0.35957616388136787,0.22436620566582724,0.4406870368600289,0.3079254689572729,0.3235637670602674,0.22844054414219242,0.21046365207379078,0.28454736408032055,0.4318579316051166,0.36584309940065896,0.3576784163210925,0.3018166477129328,0.23751883409742883,0.2043440671032243,0.0,0.4632883729423023,0.2672918334206856,0.33236755995447337,0.13737469904287541,0.27489056597123757,0.331794737121267,0.2302129605781772,0.3482496666262245,0.3826736116234324,0.3199555962525084,0.29381739342500557,0.6703200460356393,0.15789213220834974,0.20998558657298586,0.1668793858089503,0.1355629414453534,0.0821552199914927,0.8604186616255455,0.057426118382962216,0.07431723000582312
4,compromised,No Access,0.0,0.40731576081981224,0.0,0.23020447108241876,0.6046086524988284,0.362479768097769,0.21915840414767992,0.26539269042665714,0.2370404548695686,0.1512174104231867,0.42298521389680444,0.11867849274852647,0.33997433123362686,0.167219173954561,0.0,0.21388004914821876,0.03416401191932064,0.4970202121061261,0.5042097112643632,0.2890997387456551,0.16274710025008657,0.6427983101577919,0.1970297859686814,0.4581086050469184,0.3468203167658524,0.3184779710524435,0.4561498972654662,0.4308054787638411,0.6065306597126334,0.14082548877464274,0.1991122254903816,0.16883437498689668,0.09775857046071243,0.06359133940164492,0.9017687349604182,0.03463992563793697,0.04907518551407691
5,compromised,No Access,0.0,0.3887210560445741,0.3413712192711597,0.2661588924189954,0.7505741392700708,0.34512005153643044,0.34989717125173264,0.07070791973809687,0.24193136025368914,0.0792858122473698,0.4073291699508882,0.32877417750821547,0.3507394697954226,0.1647159679962072,0.40186293086379754,0.21340716578512278,0.0,0.5467414967867659,0.005381911191484318,0.23985133742811132,0.08705128770694262,0.3784703683065038,0.19896909890687245,0.3144054865221068,0.34551328071743703,0.23340145677380933,0.45551762037569055,0.2902536554505375,0.5488116360940264,0.13197697562799754,0.17716635499389694,0.144788412493323,0.0948798929788089,0.04886723208763952,0.9292547801074634,0.0218779878048974,0.0328223527342294
6,compromised,No Access,0.42946641577073297,0.37071285106199287,0.4416074653127699,0.2715690645073395,0.44141156872324694,0.35771808443066755,0.43703654646940576,0.24646884351095316,0.2478774215368256,0.20265276896677878,0.4027150956484037,0.26014749389767533,0.34940748281477074,0.23360287165988625,0.21007365228574665,0.22541318530531765,0.05552451700395902,0.5497586087062649,0.06872106727285296,0.22482820598841738,0.09332888659620062,0.4832182580576062,0.20037607138001579,0.35714306457539613,0.3593580550714596,0.37258738950573317,0.44026587354852464,0.3892051257506589,0.4965853037914095,0.11470621832333855,0.1635975616702121,0.1327338241484148,0.08554769964944407,0.04093204538016878,0.944215072828474,0.014852881791357554,0.024014113598184467
7,compromised,No Access,0.0,0.34493654386120987,0.2372158198188942,0.2851719320326443,0.6006335622690566,0.3698915241061458,0.2898165574234667,0.2936701903274448,0.2510971870953002,0.12796894786672386,0.3939746845646403,0.2545842785215633,0.3549281283400595,0.21451540607528713,0.42975059977334507,0.21185124747421982,0.0,0.5549161458184623,0.3728104185346402,0.2332326067073178,0.1779947463872576,0.6615684582437773,0.167380918609694,0.23961982329672077,0.3774514935999459,0.21564167967269665,0.45516758779036004,0.29933189962722767,0.44932896411722156,0.10388754816113088,0.14547815640021974,0.11995018185117462,0.08001307770469636,0.033386041389186494,0.9562735933576615,0.010340365253152135,0.01732442819727413
8,compromised,No Access,0.37123747342305663,0.358161796357301,0.05179889592934367,0.28053601312126825,0.2790929671790872,0.36130219052143075,0.24833143650537928,0.14045881945580035,0.2533586746423248,0.25044321686668497,0.38654295233456853,0.2667364738288416,0.36009837302310665,0.22844489103064852,0.0,0.26329257640730924,0.30359260490801643,0.5470357497123062,0.7788619230074854,0.18967167388038447,0.3138040528914936,0.33359580603943517,0.19926170848800606,0.11078337133353217,0.39722796487631634,0.007929372954326497,0.40351032663567765,0.11367870726362397,0.40656965974059917,0.09814416465854937,0.13878785694281323,0.09922521080832732,0.07041242733090927,0.02755991989687611,0.9649887154712656,0.007451364631858415,0.012719776646439994
9,compromised,No Access,0.0,0.3637423807296563,0.13194688850427266,0.3050185724287682,0.13110057174924222,0.33123904684157546,0.08367187999459566,0.18422505894153407,0.2595710129102181,0.13891102345562772,0.3817267973471618,0.192233783673584,0.3587021897426201,0.1698002243990556,0.050539360960525914,0.29322195273917456,0.33816923807096666,0.4909195545594227,0.17873186792173593,0.21585849270140273,0.21941393343782584,0.3715906892354359,0.216606528391443,0.029207792438945446,0.35890384210587734,0.16848223688056713,0.4244896295026797,0.1624907204148545,0.36787944117144233,0.07289457970707086,0.131222105822991,0.09619196220368734,0.06757079343769312,0.02175493263581427,0.972836867013131,0.005408200351054954,0.008997975322230374
10,compromised,No Access,0.14019204817930137,0.46962089112243616,0.5606853904729147,0.23397729359650205,0.13307900202951595,0.2964018152810619,0.23646962259353416,0.10671905690924659,0.29340131423222005,0.3702094620075386,0.3339767480529754,0.2042414111268955,0.37262193771480456,0.23105769414622518,0.012189020954615049,0.33509323855871703,0.15578224833790594,0.4995274939960022,0.7257049888529508,0.16537926744528073,0.20191853406572566,0.1428677795925194,0.20383918946166932,0.21651147842272508,0.36632749985131985,0.16735085591159854,0.42983331068701075,0.18036913341482474,0.3328710836980796,0.06431895091534602,0.11587068610419042,0.0945791268964784,0.05810231978206476,0.01823278018926003,0.9776509596241598,0.00411626018658038,0.006754257294972998
11,compromised,No Access,0.44646746244091806,0.3444260379715052,0.32545493049417923,0.37608719972905486,0.3612119297758951,0.27948676229944003,0.3771284053762849,0.11301564744553276,0.28985972544877403,0.337295550560722,0.3131329047093356,0.28928668713936245,0.39700736984189045,0.2532259668240631,0.0,0.3441114845752066,0.2850370671773389,0.4821123204129646,0.4468655431696195,0.17377619501182875,0.2150744756344835,0.12823941428847127,0.2314674778427943,0.14802806564842738,0.3666400174344394,0.3294393235482224,0.40189250472276633,0.21635546125048433,0.301194211912202,0.06339686368833698,0.1025033212815811,0.08345229286220518,0.0518417340800788,0.016029174200427775,0.9807064773663927,0.003264348433179607,0.005319495917770427
12,compromised,No Access,0.25045534813875225,0.34799438825153095,0.07082728232370081,0.3485890744213491,0.36813925772579303,0.3034165373271199,0.22354621128220403,0.39326327138413786,0.30729554458863917,0.18275491326289528,0.32053585586351285,0.3722251267023604,0.372168599547848,0.3179580578040204,0.0,0.35463186268750047,0.0,0.4696929319398821,0.12003668312292592,0.17567520537261744,0.021087468959867812,0.1530710349190435,0.21451424935836755,0.2780146754791031,0.39408170801133513,0.4048131858384646,0.3914040426302975,0.300841933766414,0.2725317930340126,0.05828028891963942,0.08791413938491259,0.06818568639594202,0.05815167833351857,0.013886713658788474,0.9834932532171023,0.002620033124109286,0.00414159213534054
13,compromised,No Access,0.18925727211638738,0.3720483934275212,0.2439070485723431,0.3829651767164479,0.0,0.24498642985603092,0.16382076999427175,0.30222310049599216,0.28829244679862637,0.2572896229535937,0.319844455525879,0.23370760254392509,0.3918630976754947,0.2610026815702834,0.04457172320496258,0.36120570706710803,0.02518243851402771,0.4793198880796857,0.6604494294783649,0.15947440485320633,0.13349478410726717,0.12706533148992916,0.20761020675635009,0.160004661474566,0.41010271241339313,0.03994621570290596,0.38228708083025675,0.1072693276029743,0.2465969639416065,0.05142291700373996,0.08415122335948899,0.06284057319710189,0.04818225038127566,0.011913768153340934,0.9859597256551709,0.0021265061914882578,0.0032000940410300905
14,compromised,No Access,0.7807937186676707,0.2427319083924395,0.12108651432239992,0.465050528189505,0.29119658645847674,0.2922175634180555,0.33092765380584255,0.31336933760237423,0.27355837749014505,0.09124434616863117,0.2974868277136429,0.1927963687129889,0.4289547947962122,0.1955697254169136,0.21632036107154748,0.3802632548695078,0.3218022130846565,0.452330884719226,0.3472894122943241,0.16740586041126626,0.2859580472216557,0.23085782170727243,0.23432041936771844,0.3822611382102841,0.4223689919908014,0.3309923978035156,0.34331058864148023,0.32918314814568006,0.22313016014842982,0.04549445122766645,0.0765873478675908,0.05164065671117302,0.04940770434199952,0.01086499415016359,0.9873361606489809,0.0017988452008556276,0.0026249961936123303
15,compromised,No Access,0.29420773625678087,0.2777022380085023,0.6330404030564252,0.3451784670435864,0.5734843850307838,0.37711929494791135,0.5164860896480399,0.17706151601751896,0.2850083072197324,0.1610543595749687,0.30144034788540397,0.2935755832032183,0.41355134489486356,0.22042086239463696,0.27698551109488667,0.42406195922975837,0.40261204035346876,0.3954736883240395,0.16789955590401257,0.1804643524462022,0.3069813717076295,0.2699421739198296,0.26722839519444486,0.4832800510408957,0.3754847376158145,0.3781149350019531,0.35728686718974056,0.3886959976564442,0.20189651799465538,0.034811730709710824,0.07602647417054277,0.04813063140349466,0.04292768171090711,0.010230254120544268,0.9882063912798212,0.0015633545996346417,0.0022232706101669446
16,compromised,No Access,0.06909276163337003,0.28206555917449616,0.16752097556969625,0.3761094042463364,0.0,0.3418250365791675,0.08249490276531021,0.3563703345654912,0.28353124615372827,0.28332166481103427,0.3165560565845163,0.38204520716514545,0.3999126972617554,0.3435140432824554,0.681853766400032,0.31205449517191963,0.638092912334833,0.38387295302184826,0.42378459482482245,0.30407255180623216,0.5865834065798716,0.05583539493307321,0.28774373365850164,0.0,0.3616997826228026,0.0,0.35055648371869574,0.01606628500833947,0.18268352405273466,0.03583074045208556,0.07400594334394313,0.03121435604832649,0.041632484208379485,0.009424751129129496,0.9892146903091495,0.001360558561720921,0.0018460225659570153
17,compromised,No Access,0.4844275370146092,0.3158649777165289,0.7440849817764893,0.27056671933763443,0.483420218366784,0.41356830294583685,0.5542656049317174,0.17386330795329058,0.29449357026921524,0.25191927468266007,0.34547418866809093,0.42479613589190474,0.3600322410626937,0.29117353812876157,0.39414674077294626,0.34031404977077623,0.0,0.4062713432118679,0.0,0.25341460701735585,0.13413367355639366,0.28401014880136877,0.46736988116722455,0.1265854100728257,0.2991006242163608,0.5013862242184219,0.23352949461641456,0.2876880362144081,0.16529888822158656,0.026032711247192815,0.07015574976762246,0.029034459646694495,0.040075967560076815,0.008888777825862618,0.989902423896116,0.0012087982780212246,0.0015692115979843205
18,compromised,No Access,0.0,0.31887010283069533,0.2735426429960746,0.34255707746233505,0.6968041593360521,0.3385728197069696,0.3296229173560099,0.22499733514751036,0.31147481087013096,0.2890945837762437,0.3451247384381989,0.39706367324359115,0.34340045069167013,0.3062065393661696,0.15544775652555404,0.3463008781431824,0.34737627871729737,0.3858619618165992,0.0,0.26783716004021835,0.1878709869845931,0.26875460961808545,0.5717489239112077,0.8548349793179554,0.15412209275458014,0.029014186097873207,0.2741289833342121,0.29336274415489816,0.14956861922263506,0.023470772348580707,0.06240882042281275,0.026552243431829846,0.03713678301941176,0.008378738249003901,0.9905377460572724,0.0010835156937235892,0.0013342262838395389
19,compromised,No Access,0.0,0.33400244440432436,0.07131235455982027,0.3434543373526964,0.0,0.32254321824297927,0.02449253748040361,0.25464241220624984,0.3079095915595067,0.1300271290532174,0.3330382445001668,0.281022841918517,0.35905216394032646,0.2226127074409379,0.2087519330594898,0.3525216653721201,0.27818710815273434,0.38428347938660595,0.45953655413404837,0.2631948552412738,0.30143994577659616,0.2124447206880641,0.6214363805011629,0.26915162520998126,0.15356561033675753,0.021039264937094793,0.22499800916207968,0.17808710460455193,0.1353352832366127,0.019423454693106284,0.05900416634191614,0.023405065760711663,0.03350259644087862,0.007737982930678556,0.9912921261848968,0.0009698908844244167,0.0011128523403795504
20,compromised,No Access,0.050361804778700975,0.3130370083491507,0.19744583109737873,0.3690290962655766,0.4712512227135601,0.3179338953852727,0.23845510225665473,0.23592898045564906,0.31987742099559197,0.25067123626282245,0.34830326387323,0.1994497040675913,0.331819315131178,0.22895922776257535,0.4082764567134253,0.33062838699292324,0.3250579552013098,0.3591187793748037,0.14064659633601334,0.31025283363227296,0.29535820748229247,0.41271716694722127,0.5736207361715684,0.04154284563898117,0.16582168825920832,0.126677955321821,0.2605575755692233,0.2766387308505768,0.12245642825298195,0.01757966273598693,0.0533132921104719,0.021088726323935603,0.030474747082587513,0.007308244476826284,0.9918081353065745,0.0008836202165988854,0.0009490440032601424
21,compromised,No Access,0.0,0.3140166436520402,0.27098195888711013,0.37667134359736054,0.13139402893981417,0.3093120127505993,0.14271289009943688,0.2844401034253157,0.3440268806149846,0.15680855974788463,0.35246694128467254,0.24184182552142156,0.30350617810034286,0.22652536309362328,0.11848689547972624,0.3614947215395425,0.048926982546870335,0.3311036373441093,0.055304356637344454,0.30740164111634816,0.07603293916427252,0.07059978526523883,0.5513701040232781,0.23619529964524102,0.1739239674150895,0.15214674211305537,0.27470592856163245,0.12180224661460615,0.11080315836233391,0.016206786551464094,0.049434125123694765,0.018196228134631794,0.02696601855254327,0.006794584126945849,0.9924010466053916,0.0008043692676621347,0.0007974247086974623
22,compromised,No Access,0.6840547794622802,0.2670611634849302,0.10528943382617348,0.4245856902383583,0.0,0.30835314627671145,0.2273888522265157,0.1787997678676272,0.3661652876584361,0.11611182477040442,0.33143642822333075,0.2288598385740115,0.3023982841182331,0.1731607793992643,0.0,0.3483620577131845,0.10882816046474748,0.34721063195373253,0.225722476514561,0.30442731033308285,0.10650238077637744,0.2861330517283492,0.6146319355556558,0.04416152896296063,0.18077798143692075,0.7104950692125651,0.20459008300742354,0.3292101886598978,0.1002588437228037,0.014642624939383281,0.04374268799742543,0.01803115184605448,0.02384237893994051,0.006418267385545165,0.9928397157004671,0.0007420169139871167,0.0006806849456880964
23,compromised,No Access,0.294923842204656,0.27549510059337995,0.5702681457856538,0.38735603622906967,0.48007940116015,0.3371488631775504,0.46400510645089366,0.419552340070105,0.3417088828730148,0.3190966935373823,0.3409696394209431,0.1807055931692721,0.317321477706042,0.30950881182219153,0.6412645201558949,0.3023931634134384,0.8665152026184766,0.2250004011467602,0.16490937497339453,0.47260643543980135,0.4668175069004467,0.3273736187743286,0.6099243766677198,0.3875684349691262,0.17750000981607467,0.16679324413170218,0.21257561351620552,0.30392272758146355,0.09071795328941247,0.01273563815901103,0.03926472618538813,0.015229318449134674,0.023488270495878646,0.0062746612034333665,0.9930261080178104,0.0006992307787555292,0.0006009408145227885
24,compromised,No Access,0.1555392058194238,0.37343001813164756,0.545557573511763,0.35363937036351056,0.0,0.2729306115048419,0.251013645243074,0.3372627716495705,0.3495299051516185,0.0,0.30227393208253694,0.2805589147852514,0.3481961627658445,0.21557296214382043,0.04920503423310535,0.2844135775239132,0.41371235705111953,0.2319766456429855,0.0,0.48360977683310136,0.10996618466819597,0.3222003893210079,0.616707908834865,0.05385356012907794,0.17640418348386216,0.0,0.20688790768127283,0.20820352162620726,0.0820849986238988,0.011518424257823399,0.035984757530169005,0.012826195901402325,0.021755620934504085,0.005984453870510848,0.9933611133650371,0.0006544327644512141,0.0005180934440103749
25,compromised,No Access,0.3230272805851476,0.34180934829533155,0.2984967387944618,0.3770216698831567,0.1463830075680896,0.28116898182151184,0.26411184436727736,0.2436065820509327,0.3743289984840364,0.1920120479966496,0.31077234766420686,0.13708064131302794,0.3148986538517567,0.19402755223758403,0.46306938873896214,0.2803454623341058,0.13478281707870124,0.2280941006567902,0.22710867133147228,0.491560437009104,0.2722002050526066,0.16721114000272563,0.6055327435783001,0.07965933949019002,0.18843460868179734,0.3993197387262034,0.20603264773990254,0.1985352998919559,0.07427357821433388,0.011690328017027565,0.03036952573866376,0.011102888158601616,0.021110836300040937,0.005747821986294388,0.9936350140513596,0.0006171639623452924,0.0004498307937752648
26,compromised,No Access,0.4113253787936607,0.34848143227166006,0.0,0.34279848737627044,0.43579573127405064,0.30872008035206944,0.2778781503077118,0.2151031239564666,0.37973149476875706,0.1619178428088599,0.3148995835226393,0.38610637561597894,0.3053689217086036,0.25057417964148104,0.2609847571140856,0.29895238988141115,0.36079459724649404,0.21459021448233453,0.060053114442172484,0.4864573956362543,0.1846582885204533,0.3068057340869476,0.6479199143831097,0.0,0.16818651504739393,0.0,0.18389357056949635,0.1987855449618622,0.06720551273974976,0.009654725401949464,0.024294829149907875,0.012593956282393997,0.02066200190549841,0.005548449117834243,0.9938659004025948,0.0005856504795702915,0.0003925658382573634
27,compromised,No Access,0.1488685318943898,0.3509269034343575,0.6288555094482581,0.3614608383976008,0.42457867366569557,0.2876122581680417,0.40166264369561755,0.1377342975285722,0.3606541513949963,0.145763542821313,0.31989299607775407,0.12757511540864575,0.3194528525272497,0.13705741715395592,0.18633101505880706,0.3007083099582239,0.07641241062940758,0.22321272578726847,0.0,0.47607896425450774,0.07308750709170035,0.2773529289336997,0.6285480464536213,0.11942206323736385,0.16268994031075304,0.16410291807917915,0.20876201323562563,0.2280168655553911,0.06081006262521797,0.01089412105268025,0.020570136066085012,0.010613093801066429,0.018732711705386283,0.00535684289953847,0.9940854342197941,0.0005577228806667618,0.00034270753384482
28,compromised,No Access,0.2933793617087015,0.3444882222366073,0.22102719370039015,0.3235526104020221,0.0,0.33195916736137054,0.17257966024753577,0.31497932788303373,0.34498099729300674,0.31883817813400245,0.2976730190826993,0.2735025007794636,0.35734598362429415,0.30130642590848766,0.0,0.42460454391927055,0.0,0.3131743204507305,0.9333831029004568,0.262221135629999,0.24475277722040997,0.14178735304027829,0.46730674502841507,0.0,0.358930205733063,0.14023946310880459,0.17376304923852198,0.0906266231688063,0.05502322005640723,0.010070586311134918,0.019211137539971734,0.009824217583065531,0.01591727862223505,0.005192521335961445,0.9942736978464649,0.0005337808175730901,0.0003003944138098028
29,compromised,No Access,0.3635702912298524,0.37396336212627995,0.029099663977946083,0.30325879505774045,0.0,0.32277784281597954,0.14478669751208342,0.35710555561202206,0.3343419709627427,0.18484447917401037,0.3072398515627705,0.30041918328052114,0.35841817747448684,0.2838626617984676,0.1562401538218916,0.44304713115359756,0.5392494759179807,0.29961342790379947,0.5677240364670082,0.2573394409426031,0.3768859220509973,0.15265719003785064,0.45424976504549924,0.24614304027438613,0.3723676518137923,0.0,0.17338258314070865,0.16100019862448064,0.05,0.010863955462187437,0.016819402749826268,0.008187644705797529,0.01412899708218876,0.005062171525244508,0.9944241963342879,0.0005136321404668456,0.0002659493797738966
0,untrusted_device_geofence,No Access,0.4898247362233714,0.3333333333333333,0.30733894841592363,0.3333333333333333,0.41021876688801767,0.3333333333333333,0.40246081717577087,0.3683830493513899,0.3333333333333333,0.2692061846587844,0.3333333333333333,0.2869293466777783,0.3333333333333333,0.3081728602293175,0.17674986553624705,0.3333333333333333,0.27185235245960493,0.3333333333333333,0.2914764256837584,0.3333333333333333,0.2466928812265368,0.14031397056355555,0.3333333333333333,0.267037107868001,0.3333333333333333,0.3602200932138129,0.3333333333333333,0.2558570572151231,0.9048374180359595,0.22620935450898988,0.22620935450898988,0.22620935450898988,0.22620935450898988,0.16143095217190861,0.43889955265297415,0.3996694951751174,0.3268867229953106
1,untrusted_device_geofence,No Access,0.36460826679756436,0.28737447367190666,0.3620729134081169,0.37214723145632966,0.49385476134130213,0.3404782948717637,0.4076703681333226,0.31829776930583087,0.32943347872578316,0.22742442505595525,0.3354532197095382,0.24464389173622722,0.3351133015646788,0.26313161930604634,0.15251603211081427,0.43840276431924097,0.0,0.15621595198722707,0.35387378478675074,0.40538128369353194,0.21031725922272476,0.3597570865951369,0.20829631207930935,0.20500240044635026,0.4187714893481033,0.26410579627133773,0.3729321985725874,0.259278790196252,0.8187307530779818,0.20878542421070118,0.19884223453748512,0.20223714863215056,0.208865945697645,0.17346886303739686,0.6258128796220077,0.20071825734059576,0.22419139786467226
2,untrusted_device_geofence,No Access,0.44820976324408207,0.37475277945391666,0.3266237347237265,0.4530734814316718,0.1795385281623776,0.17217373911441164,0.3468642268724099,0.290276081788019,0.32603756216460916,0.21713773684493887,0.34269684840130743,0.31650011727209904,0.33126558943408346,0.27389892205071187,0.2923437202107263,0.4889430813672325,0.5596502928616245,0.10784187683311797,0.15848230354458104,0.4032150417996495,0.2671956259788273,0.1302057525886634,0.2081965698290099,0.2168818839670758,0.411951823999995,0.3322054889529465,0.37985160617099506,0.2426420673113541,0.7408182206817179,0.17950420661413255,0.18622922894487726,0.18297567067888482,0.19210911444382328,0.1555966878850037,0.7324077283335637,0.11199558378143282,0.15675304601352272
3,untrusted_device_geofence,No Access,0.2948858036469359,0.33141099773251675,0.2537267566915243,0.4503253486811004,0.41525876631645375,0.21826365358638272,0.3026238841006246,0.33067629388122244,0.3388155680090932,0.1940560459364618,0.3402848151863668,0.2199650975672981,0.32089961680454004,0.2486593175855134,0.5144758182620952,0.41910663603047815,0.5621128554604204,0.19850105141504185,0.5815708747185129,0.38239231255448,0.5495884540316032,0.2984268288776921,0.25743336376126763,0.13917278198492966,0.4236818333030284,0.47923972413993066,0.3188848029357039,0.2886122668031731,0.6703200460356393,0.1809030329521449,0.20470648615739478,0.07602468607856329,0.20868584084753627,0.13818577756853093,0.7944249298497305,0.06738929258173867,0.11521489363405839
4,untrusted_device_geofence,No Access,0.340091347702273,0.33447569027705415,0.24999660867695733,0.4261856005012566,0.3948972529318242,0.23933870922168932,0.3148114418641319,0.3057306852466279,0.3423362293139835,0.24583687533597867,0.34400721571873716,0.20740271369744484,0.31365655496727946,0.25428556964744076,0.48152736823982656,0.3705088039285249,0.5105935080646178,0.20951073613503693,0.3278830009076521,0.4199804599364383,0.4230894045323128,0.18484444217864276,0.282155905053634,0.13083097171308708,0.40919831285270253,0.25125414025181736,0.30864578209366356,0.18323929439321718,0.6065306597126334,0.1661316655085094,0.18913242301673847,0.07502059808642958,0.17624597310095588,0.11368426449097684,0.8440738798126823,0.04224185569634105,0.08176348224215149
5,untrusted_device_geofence,No Access,0.22608389177806332,0.34276945247827945,0.09541309922841698,0.35298611309034755,0.29913077274378175,0.30424443443137306,0.20218302360791937,0.3455022531665289,0.35769786022815636,0.32677168942758744,0.3224398267771871,0.3161322524583265,0.31986231299465645,0.3300684170799252,0.08700461499511869,0.32867196821465394,0.11693262317591036,0.20257405831496422,0.32906557156786254,0.46875397347038195,0.20653428828510037,0.4808803389280783,0.21098541897201142,0.2506065895096863,0.4363546376924667,0.31627496963004686,0.3526599433355219,0.3223496002211636,0.5488116360940264,0.13117380791057787,0.17864221258093485,0.07456619905281837,0.16442941654969523,0.09496180659955228,0.8771721929407722,0.02786600045967609,0.05976273709818066
6,untrusted_device_geofence,No Access,0.3719745563034658,0.35183688030689647,0.17487455585529574,0.3405690890015384,0.3024078142885544,0.3075940306915651,0.28345007413018286,0.35203424518287507,0.3817335984782924,0.3937390256614652,0.28595522979928467,0.1962987966524502,0.3323111717224229,0.3122073158884965,0.2639739022282251,0.3684583056066381,0.3176711948062547,0.23110192378463373,0.10460823162450558,0.4004397706087281,0.2125670972655745,0.10383379321784639,0.1994439216267215,0.22751973155073088,0.43693798852600385,0.3357210002932901,0.3636180898472748,0.24219526161876062,0.4965853037914095,0.12006576085597687,0.1587233945235121,0.06879145486498568,0.14900469354693488,0.0788542302200566,0.9020661449794815,0.019079624800462824,0.04389518250794652
7,untrusted_device_geofence,No Access,0.36416685880029864,0.35076603091100755,0.2367449386297335,0.3398085851936241,0.3438539303018018,0.30942538389536833,0.3145824606857974,0.42627084717014996,0.3613250441806752,0.27500417789936815,0.3055193816464703,0.32975652345649414,0.33315557417285463,0.3479016629780919,0.3077514954251457,0.40293248344810323,0.2849970935347161,0.2559341481525208,0.5742126112658106,0.341133368399376,0.3928266449547808,0.4036065828452552,0.2302722347303372,0.38776641650296223,0.4071639677304696,0.5103092971210944,0.36256379753919316,0.43584357916340427,0.44932896411722156,0.12024412141781984,0.14846088802523857,0.06903116417354058,0.11159279050062253,0.07275724341246939,0.9131524605714604,0.014090296016071091,0.03585752587105253
8,untrusted_device_geofence,No Access,0.43675920736931845,0.36089709599241715,0.2740358298119315,0.36171145475974203,0.16901671934871143,0.27739144924784076,0.3036308209723584,0.3451053701477528,0.36195506709806424,0.27359844635771347,0.31069693560072464,0.323045573399563,0.3273479973012111,0.3156671577655613,0.0,0.36013221160403064,0.14763729586468224,0.2780812138958604,0.16626314865700154,0.361786574500109,0.1012069334685721,0.1557621701785749,0.23801100795017838,0.22163549497845292,0.4251026023209173,0.20580423674242954,0.3368863897289044,0.20062358311380457,0.40656965974059917,0.11279477601085601,0.1362779425764331,0.05618339641798372,0.10131354473532632,0.06092741058170348,0.9287700227088412,0.01030256670945634,0.02686559210983821
9,untrusted_device_geofence,No Access,0.1954869467500592,0.3421809027412358,0.2202460972046856,0.4025326440523293,0.10804555812891137,0.25528645320643484,0.18313071108251106,0.42270702067042465,0.3493562846688567,0.2564562615976916,0.31896821197262026,0.30857165229232325,0.3316755033585229,0.3318224075520868,0.0,0.32456842041486245,0.3690794420452619,0.29370419986392043,0.3467870047998802,0.3817273797212171,0.24077827687575326,0.37204635772353434,0.235384324544388,0.2807520549561528,0.4216524219786159,0.3052942506875434,0.342963253476996,0.3106583740433107,0.36787944117144233,0.09390646190293793,0.12462250563827092,0.05440875400785932,0.09494171962237416,0.052572642148797234,0.9396084826532782,0.007818875197925582,0.0207785959338068
10,untrusted_device_geofence,No Access,0.3847671567648345,0.366885999311994,0.3239839468534221,0.3811849879660748,0.36992812311127515,0.2519290127219312,0.3578591265281247,0.28616257006686685,0.34724724050649985,0.30599172141247477,0.32219920381554484,0.21461846760877618,0.33055355567795525,0.26890234938744983,0.16040278493955099,0.3403390848943055,0.43823891907420187,0.3018681172958827,0.5438929725593843,0.35779279780981194,0.3814826828286543,0.20024086611265998,0.24772677643552665,0.3233655940867267,0.4061565991555424,0.3498601468223149,0.34611662440893104,0.3020345072842763,0.3328710836980796,0.08848470159004385,0.11139118797405592,0.04778506983697002,0.08521012429700979,0.047274413946309095,0.9465512213241203,0.006174364729571773,0.016763919140839394
11,untrusted_device_geofence,No Access,0.38095984566360597,0.33669437685256304,0.2536274581755179,0.385013531207839,0.28604757918217244,0.278292091939598,0.30552182032984565,0.2723185771295445,0.33919659940861024,0.31784505009240654,0.3269410172016517,0.24514057056249458,0.33386238338973817,0.2781293344613689,0.2934141672195772,0.33739535952608446,0.6072609675297962,0.3527201876460238,0.11029326845629417,0.3098844528278917,0.3473679500024901,0.2856153450487013,0.25239007239736805,0.28716554056269794,0.39839168436460537,0.37950654502198955,0.3492182432380265,0.31902144996079884,0.301194211912202,0.08512300579192407,0.09849703935575893,0.04317726122168523,0.07439690554283378,0.04256819673302189,0.9524564829990503,0.004975320267929129,0.013570563301080961
12,untrusted_device_geofence,No Access,0.20349477678808028,0.3545127176860524,0.4567666890823619,0.32653106109847246,0.3151296952358802,0.3189562212154752,0.3218025747997793,0.40932134591434954,0.3315019995538244,0.25087770450940494,0.3315530404189606,0.25493630648830384,0.3369449600272149,0.30476961393327967,0.14988062019278495,0.3521584078763541,0.0,0.2967779604583427,0.31718652816619985,0.3510636316653033,0.1641343750719468,0.40188324311352924,0.28131707799503297,0.06590554815866945,0.36576303156535,0.22100599608482224,0.3529198904396171,0.2151598446641105,0.2725317930340126,0.0790287953835937,0.09029410277063714,0.036675345685424875,0.06653354919435689,0.03787233810407982,0.9580711280654488,0.004056533830472914,0.010874183429056187
13,untrusted_device_geofence,No Access,0.26148463271048467,0.35074593600850756,0.28642072629506055,0.32656416521376086,0.4101704702639103,0.32268989877773163,0.3176072851654211,0.3338339627999769,0.328745407255562,0.2604313357171678,0.3505113203228914,0.35463149372112157,0.32074327242154665,0.3147761791919489,0.3031748658184944,0.38182965187736206,0.36298726616516436,0.28856559587241987,0.1277685140091917,0.3296047522502181,0.26261989963387117,0.32053521373877664,0.267406470004764,0.19084492268302294,0.3629369676770622,0.4002916855664357,0.3696565623181738,0.3029483159642845,0.2465969639416065,0.06770210772827272,0.07970806616840162,0.04205631758341241,0.057130472461519775,0.03466709587618126,0.9619307567816975,0.0034021473421228174,0.008968280194463633
14,untrusted_device_geofence,No Access,0.3430149179128836,0.34756016554889707,0.3370683325203028,0.3141740323486845,0.30442664508860184,0.33826580210241836,0.32809356214273805,0.42184172572791134,0.3242201016723445,0.26173473466169317,0.3543575595517411,0.20866922162570395,0.3214223387759144,0.29658819827526417,0.406330380983296,0.42087151971258335,0.0,0.25842854514427943,0.2558666803375826,0.3206999351431372,0.2530693127393853,0.33437236214675164,0.2701686626312303,0.2247331173689319,0.37417528858640087,0.4203253085322883,0.35565604878236884,0.3239177513842987,0.22313016014842982,0.05811428902981153,0.07065327586323966,0.041365655171785205,0.05299694008359339,0.03197281626480734,0.9651245497056354,0.0029026340295588288,0.007457932211496655
15,untrusted_device_geofence,No Access,0.16792375290841133,0.3167417639553635,0.20426785522179838,0.360888485516114,0.3708001946087927,0.32236975052852246,0.24644114884879853,0.3880529489261567,0.3242063059163152,0.24869363251467277,0.3547913677587154,0.32115915355500696,0.32100232632496956,0.31713640251576125,0.040010822416972514,0.4697688290612347,0.475751819834116,0.29483769334152515,0.7706790825781304,0.23539347759724008,0.3404782357190385,0.21221532584586333,0.3066361942462465,0.14576983664072193,0.3519846967494391,0.4332485943924464,0.3413791090043145,0.26428367075436743,0.20189651799465538,0.054635588182608316,0.06344385253335923,0.03644272225516863,0.04737435502351918,0.029535969268477937,0.9679554631886436,0.002508567542880105,0.006216444876933795
16,untrusted_device_geofence,No Access,0.33429166554514433,0.3241735218514374,0.3294120895675166,0.386914609976972,0.45250574785673964,0.28891186817159054,0.36655713767374065,0.2511254327289589,0.29044203014580433,0.3368909209580513,0.37767910438235475,0.27838460455207564,0.3318788654718408,0.2925640085285958,0.5623555936329852,0.37171075983327334,0.278469544817642,0.3331674692640903,0.38823545666885056,0.29512177090263647,0.41638735401913035,0.39658775842645333,0.3403662470973925,0.26821690374717577,0.339554007541899,0.27305517734070794,0.32007974536070843,0.3134586431708495,0.18268352405273466,0.04871390234176071,0.058350242314498424,0.03117538509634797,0.04444399430012756,0.027993142008174873,0.9697892343107037,0.002217623681122983,0.0053164474859072035
17,untrusted_device_geofence,No Access,0.38045759613490254,0.32606257740039707,0.39970413537000543,0.3790010338371054,0.28771421588595314,0.2949363887624975,0.3603986567505407,0.31417908738625233,0.29557359337621214,0.2644035862680078,0.37142365877177197,0.28845826052447265,0.333002747852016,0.28712618262171696,0.35158980985010924,0.3879871853685727,0.1766643018565518,0.3457162832913791,0.7380331120006791,0.2662965313400481,0.394023724296011,0.34094942228001907,0.322736787392966,0.26632861574123523,0.3520265297192194,0.4251481917771037,0.3252366828878147,0.34206544720378934,0.16529888822158656,0.04165337350879321,0.051829297790410254,0.02721767897200797,0.044598537950375126,0.026655468868085296,0.9713605590389239,0.00198397209299251,0.00457009355953677
18,untrusted_device_geofence,No Access,0.37830045817710534,0.3368246930269089,0.20535862722027104,0.34569781520531573,0.3491757049961885,0.31747749176777545,0.3092683914694877,0.38082607808914914,0.2939396262991528,0.3237117183765222,0.3663638890651116,0.2661596572659511,0.33969648463573565,0.32094965908396517,0.5877995741384903,0.36809651312459635,0.36056181975574614,0.37720090487166963,0.05282235855124462,0.25470258200373413,0.3658252094410732,0.18534691655161045,0.33453066883873206,0.3326952875978448,0.32673592851064814,0.24162506433588538,0.33873340265061985,0.2525542118737752,0.14956861922263506,0.03577741712287916,0.04442792979973504,0.028772092017991337,0.04059118028202955,0.025263792091810924,0.972949466769106,0.0017867411390848978,0.0039122907020404905
19,untrusted_device_geofence,No Access,0.34571319492756697,0.3241052932088943,0.1798792766631216,0.29452100849545976,0.43605077245012813,0.38137369829564594,0.33132399811241764,0.330109558391258,0.30174720931039417,0.284070302966171,0.36190890310691215,0.25441760134437114,0.3363438875826936,0.2879890148686136,0.35093499531664235,0.4420639743845664,0.0,0.31241529762350956,0.43161171488889594,0.24552072799192406,0.2611053412296686,0.24569602592319725,0.36597511341785854,0.26108999462691695,0.3545005275955321,0.5838560321382305,0.2795243589866094,0.34567715492261997,0.1353352832366127,0.03613580068677245,0.03904587353324954,0.025486931427911537,0.034666677588679175,0.024072015565441595,0.9743022349926453,0.0016257494419150663,0.0033678036752218584
20,untrusted_device_geofence,No Access,0.3567029004526623,0.33523976619418866,0.18359905834249182,0.2817968086311094,0.39760209095137394,0.38296342517470183,0.32358568426449197,0.3658528394336849,0.3075014570792825,0.3254827394203668,0.35760859079298296,0.33762183725379263,0.3348899521277345,0.34196186588920835,0.17443672837415902,0.5003754565978833,0.8819102423253327,0.21610514715513335,0.2428364695036219,0.28351939624698325,0.34671804952341195,0.46517038078330925,0.3531829416623054,0.36429983192864335,0.3546273987888844,0.42512794734376624,0.2921896595488104,0.4176989354343661,0.12245642825298195,0.033765021299976175,0.03583058417147481,0.02405234422167988,0.02880847855985109,0.02330934541276983,0.9751896559115576,0.00150099867567495,0.002946282652480628
21,untrusted_device_geofence,No Access,0.35073648912645977,0.3358173294814451,0.32865042795112265,0.27562871191151667,0.3244595508868159,0.38855395860703834,0.3344389281604164,0.37341267641834675,0.31550639332524616,0.28821033193239454,0.3535039845802868,0.2648410062550431,0.33098962209446703,0.3073572120694634,0.15532008798811336,0.4593117334500159,0.27348243715193543,0.23838235869057256,0.2761217427907871,0.30230590785941147,0.2200069614162458,0.0694920405663649,0.2901718515869105,0.25726023358644456,0.39215788601043583,0.4153579997776087,0.3176702624026537,0.2529981482199002,0.11080315836233391,0.0309056723364492,0.03299357025301375,0.021109507799475912,0.02579440797339506,0.022282096561427225,0.9763317192089235,0.0013861842296517199,0.0025457234692993712
22,untrusted_device_geofence,No Access,0.3272227005325659,0.34071958395218516,0.186778627086096,0.29344635815341824,0.34458044392992343,0.3658340578943967,0.29235995235841317,0.30899352821035986,0.3208118402246569,0.3486498690680327,0.34869317072627454,0.2439095343313936,0.33049498904906854,0.3013114895991251,0.25982864186303434,0.48657481626476884,0.7077686700793364,0.22171574766468222,0.5167560491156755,0.29170943607054883,0.4340921492086868,0.4505908846510086,0.2613406376242744,0.10311684367768165,0.39982265871785627,0.3156679213557297,0.3388367036578693,0.26594603762289165,0.1002588437228037,0.02715402595523748,0.029220618784662068,0.01982249713476861,0.02406170184813554,0.021526478384365996,0.977179648783597,0.0012938728320391925,0.0022230809292727617
23,untrusted_device_geofence,No Access,0.4857794216127324,0.32058750074099585,0.3818080366391123,0.28778549642257223,0.3411518715921382,0.3916270028364318,0.39921791103221527,0.2950673411687907,0.32560432692708496,0.24995311625133781,0.35818371845914976,0.1425134319101924,0.3162119546137652,0.23066879050182262,0.027571509140706385,0.43092624703317334,0.2785092686510943,0.2359549351366091,0.21991493261085954,0.3331188178302175,0.1508547257531003,0.31424209611457765,0.2631104636266629,0.3207567493275377,0.39701361180935363,0.3671420692835046,0.3398759245639835,0.3348079294065393,0.09071795328941247,0.024821105163398027,0.026718503371092155,0.01620839369378203,0.022969951061140255,0.020757611347437716,0.9780295797722991,0.0012128088802653599,0.001938099786291082
24,untrusted_device_geofence,No Access,0.25655524676446245,0.308804221949981,0.19251963522548043,0.28975790657022615,0.4097735923254913,0.4014378714797928,0.2995080685326576,0.298175130578533,0.3337862782283355,0.3331377031695236,0.3498574894951823,0.27587170835566793,0.31635623227648224,0.3033512218302129,0.5213929136181276,0.38933767918377,0.3479672863991934,0.27516820098362316,0.47600114996584575,0.33549411983260674,0.45844302597766495,0.0933365049879119,0.25312199208810543,0.4280127251805528,0.37990786056742143,0.3053480042215896,0.3669701473444731,0.2982845228965947,0.0820849986238988,0.022585709869593417,0.024475438286255282,0.013969943636169576,0.02105390683188053,0.020214169371687952,0.978638443924369,0.0011473867039450726,0.0017063716830654685
25,untrusted_device_geofence,No Access,0.23039841059525923,0.3337765968906829,0.2851215663900468,0.28364887996668586,0.40726163931175147,0.38257452314263135,0.3135839378323714,0.2904300928590409,0.3358566395742203,0.2833325084194469,0.35194437436422354,0.31733273489494573,0.3121989860615562,0.2963311155099373,0.5505791504273347,0.3748618870766192,0.06793732047965226,0.2235907075350331,0.3316827953852921,0.40154740538834766,0.3547676587672305,0.3475075083251709,0.2456600673454459,0.22018196687450653,0.3979568559830231,0.4241689322246368,0.3563830766715311,0.32415827027444055,0.07427357821433388,0.02121103094609178,0.021746165843119687,0.01235509631644845,0.018961285108673967,0.01970664365911347,0.9792027859159572,0.0010905704249313045,0.0015041832230343584
26,untrusted_device_geofence,No Access,0.19308628897827848,0.3354565183090053,0.22815239526275843,0.33305345743202686,0.13587737025923322,0.33149002425896773,0.1858009910609978,0.33082164067487657,0.3453426000722784,0.30910503921972743,0.34862593454720614,0.27864402136015776,0.3060314653805155,0.3072826768984359,0.3332046891247672,0.4200056795395086,0.04335887028767019,0.20307247390583813,0.5430874107857695,0.3769218465546534,0.35345436465063595,0.5021732602605249,0.24654977225208474,0.020123062763701016,0.3264114322562157,0.3996002650544646,0.42703879549169954,0.3010239165534231,0.06720551273974976,0.01716844490531888,0.02035296495266658,0.011951487883877437,0.017732614997886857,0.019165523126212208,0.9797952143874842,0.0010392624863056268,0.0013229508927543015
27,untrusted_device_geofence,No Access,0.31715181911706686,0.339561901176264,0.3198439211936552,0.3695122876539034,0.180184672242707,0.2909258111698325,0.27829930560594407,0.3434517446483664,0.35327004956995706,0.21633162213103135,0.3389756875488608,0.21126346497481666,0.3077542628811821,0.25967960714429245,0.0,0.3137050336828825,0.0913047705868178,0.18158476730916326,0.303078059742437,0.5047101990079542,0.16954614336877386,0.23810770321070251,0.2538635122661237,0.22416270128920615,0.33639362176778476,0.2566043616759648,0.4097428659660915,0.24099556735912414,0.06081006262521797,0.016095478218728584,0.018646320215069127,0.010070401831569393,0.01599786235985087,0.01860101394917956,0.9804062552711701,0.000992730779652333,0.0011613128335824822
28,untrusted_device_geofence,No Access,0.4366840802034935,0.35822417626653474,0.4209822000207919,0.35730647479778943,0.15744846183886818,0.2844693489356758,0.35163972219187933,0.30770053836795974,0.3577794485838016,0.28014315779409166,0.3379440632930002,0.27802971997311066,0.30427648812319824,0.28935955278218933,0.3226670587050807,0.32769113653736526,0.37458478633181025,0.15474359244080488,0.5798588701454788,0.5175652710218298,0.463814543982149,0.30404287245744277,0.2501719872125766,0.24643012127521438,0.32802632735836557,0.3233630690955782,0.4218016854290577,0.2932936647829114,0.05502322005640723,0.014510063159769685,0.017164068096530937,0.008404925530198356,0.014944163269908255,0.01828450520056711,0.9807585477416958,0.0009569470577392401,0.0010323995075434854
29,untrusted_device_geofence,No Access,0.2633129750878532,0.3473094140202293,0.16579038819343286,0.3479926243779871,0.2826720847783609,0.30469796160178353,0.2352745153994566,0.3303880144390104,0.361904630547289,0.3040556811677144,0.34170456215094247,0.33502103599874933,0.29639080730176853,0.32276332102846705,0.18288986664442536,0.3891411009874347,0.2832711208696711,0.20716568355877013,0.0,0.40369321545379516,0.12985401945288122,0.20932514649658762,0.2168931029913729,0.2066397942667917,0.2884373941680996,0.4068032381434079,0.4946695028405275,0.30623697991383053,0.05,0.013092527930942476,0.0159060546746135,0.006869878449645807,0.01413153894479822,0.017883690345393836,0.9811936327591401,0.0009226768954682871,0.000917251439656399
